"","idx","script","speaker","time_from","time_to"
"1","4","아, 뭐여?",NA,"00:01:24,958","00:01:26,166"
"2","5","또 돼지들 싹 잡아다 파묻는 거여?",NA,"00:01:26,833","00:01:29,125"
"3","6","아이구, 구제역이 아니구유",NA,"00:01:29,833","00:01:31,416"
"4","7","아, 그 요 앞에 그 바이오 단지에서 뭐가 찌끔",NA,"00:01:31,916","00:01:34,125"
"5","8","샜다고 이러네유",NA,"00:01:34,333","00:01:35,500"
"6","9","아, 별거 아녀유 ","공익","00:01:35,583","00:01:38,958"
"7","9","아, 접때두 그러드만!",NA,"00:01:35,583","00:01:38,958"
"8","10","이번에도 그냥 돼지들 싹 다 파묻는다 그러면",NA,"00:01:40,541","00:01:43,166"
"9","11","나 아주 환장혀!",NA,"00:01:43,958","00:01:45,208"
"10","13","아이고, 걱정 붙들어 매고 얼른 들어가서 일 보셔유, 예?",NA,"00:01:47,416","00:01:50,708"
"11","14","아이, 들어가셔유",NA,"00:01:51,708","00:01:52,875"
"12","15","으휴 ","김 씨","00:01:53,250","00:01:54,291"
"13","15","예","공익","00:01:53,250","00:01:54,291"
"14","16","찌끔 새긴 뭐가 찌끔 샜단 말이여?",NA,"00:01:59,208","00:02:01,791"
"15","17","저놈들 하는 말은 믿을 수가 있어야지",NA,"00:02:03,083","00:02:05,250"
"16","19","아이고, 아이고","김 씨","00:02:11,083","00:02:13,208"
"17","20","에잇",NA,"00:02:14,541","00:02:16,041"
"18","21","아이고",NA,"00:02:16,125","00:02:17,500"
"19","22","하이고, 참","김 씨","00:02:25,541","00:02:27,291"
"20","24","에헤이 재수가 없으려니까 진짜, 씨",NA,"00:02:36,583","00:02:39,083"
"21","27","으휴",NA,"00:02:44,833","00:02:45,875"
"22","31","상무님",NA,"00:03:34,458","00:03:35,458"
"23","32","이 타이밍에 저희가 빠지면","석우","00:03:35,583","00:03:37,083"
"24","33","남는 사람들 건 전부 휴지 조각 될 텐데요",NA,"00:03:37,166","00:03:39,208"
"25","34","아직 정확히 원인 규명도 안 됐고요",NA,"00:03:39,791","00:03:41,750"
"26","35","그리고 역정보 가능성도...",NA,"00:03:42,375","00:03:43,541"
"27","36","예, 그렇게 하겠습니다",NA,"00:03:46,208","00:03:47,708"
"28","37","예?",NA,"00:03:49,625","00:03:50,625"
"29","38","아휴, 아이, 아닙니다 아직 미천한 실력인데요, 뭐",NA,"00:03:51,541","00:03:55,291"
"30","39","예, 그럼 필드에서 기다리고 있겠습니다",NA,"00:03:56,458","00:03:59,375"
"31","40","예, 예, 들어가십시오",NA,"00:04:00,291","00:04:02,000"
"32","46","김 대리 좀 들어오라고 해",NA,"00:04:17,916","00:04:20,166"
"33","51","어떡할까요?",NA,"00:04:36,541","00:04:38,208"
"34","52","관련 종목 뽑아서 전부 던져",NA,"00:04:39,000","00:04:40,708"
"35","53","전부 다요?",NA,"00:04:41,375","00:04:42,416"
"36","54","어",NA,"00:04:42,500","00:04:43,458"
"37","55","그러면 좀 파장이 있을 텐데요",NA,"00:04:43,833","00:04:45,916"
"38","56","시장 안정성이란 것도 있고",NA,"00:04:46,416","00:04:48,208"
"39","57","아무래도 개미들 입장에선",NA,"00:04:48,458","00:04:49,875"
"40","58","좀... ","김 대리","00:04:49,958","00:04:51,000"
"41","58","김 대리",NA,"00:04:49,958","00:04:51,000"
"42","59","예","김 대리","00:04:51,416","00:04:52,333"
"43","60","너 개미 입장까지 생각하면서 일하냐?",NA,"00:04:53,208","00:04:55,041"
"44","61","전부 매도해 지금 바로",NA,"00:04:57,666","00:04:58,916"
"45","62","예",NA,"00:05:00,666","00:05:01,625"
"46","63","잠깐만, 김 대리",NA,"00:05:04,416","00:05:05,625"
"47","64","그...",NA,"00:05:06,916","00:05:07,916"
"48","65","요즘 애들 뭐 좋아하는지 그런 거 좀 아나?",NA,"00:05:08,500","00:05:11,333"
"49","68","됐어, 우리 괜히 소송이니 그런 걸로 서로 힘 빼지 말자","나영","00:05:17,125","00:05:21,000"
"50","69","야, 소송을 걸든 뭘 하든 네 마음대로 해봐",NA,"00:05:21,416","00:05:23,958"
"51","70","수안이 내가 키워",NA,"00:05:24,125","00:05:25,583"
"52","71","당신이 무슨 애를 키워?","나영","00:05:25,750","00:05:27,541"
"53","72","가끔 수안이랑 얘기는 해?",NA,"00:05:28,208","00:05:29,708"
"54","73","수안이가 내일 여길 오겠대 자기 혼자서라도!",NA,"00:05:31,166","00:05:33,708"
"55","74","알고 있었어? ","나영","00:05:34,541","00:05:37,375"
"56","74","야, 그게 뭔 소리야?",NA,"00:05:34,541","00:05:37,375"
"57","75","하, 진짜 애 아빠라는 사람이","나영","00:05:38,458","00:05:40,458"
"58","76","애가 혼자 어딜 가?",NA,"00:05:40,791","00:05:42,291"
"59","77","그럼 당신이 데려오든가","나영","00:05:42,708","00:05:44,458"
"60","78","오고 싶다잖아",NA,"00:05:45,125","00:05:46,541"
"61","79","내일 안 돼",NA,"00:05:46,916","00:05:48,083"
"62","80","내일 애 생일인 거는 아는 거지?","나영","00:05:48,541","00:05:50,708"
"63","81","알아!",NA,"00:05:51,291","00:05:52,291"
"64","84","아이고","석우 모","00:06:10,166","00:06:12,333"
"65","86","어","석우 모","00:06:18,375","00:06:19,416"
"66","87","저녁은?",NA,"00:06:20,458","00:06:21,541"
"67","88","대충요",NA,"00:06:21,791","00:06:22,791"
"68","89","수안이는요?",NA,"00:06:23,333","00:06:24,333"
"69","91","저녁 먹고",NA,"00:06:25,625","00:06:26,708"
"70","92","제 방에 있다",NA,"00:06:27,458","00:06:28,541"
"71","93","혼자서도 기차 탈 수 있어","수안","00:06:29,791","00:06:32,625"
"72","94","아, 왜! 엄마가 역으로 마중 나오면 되잖아",NA,"00:06:33,791","00:06:37,041"
"73","96","엄마 끊어",NA,"00:06:41,041","00:06:42,708"
"74","99","괜찮아, 마저 통화해",NA,"00:06:57,000","00:06:58,333"
"75","100","끊었어요",NA,"00:06:58,625","00:06:59,916"
"76","102","너 엄마한테 부산 가겠다고 했다며?",NA,"00:07:03,375","00:07:05,083"
"77","103","수안아, 아빠가, 하 요즘에 일이 너무 많네",NA,"00:07:07,208","00:07:10,208"
"78","104","다음 주면 괜찮을 것 같은데",NA,"00:07:12,041","00:07:14,083"
"79","105","수안이가 이해 좀 해주면 안 될까?","석우","00:07:14,166","00:07:16,208"
"80","106","아",NA,"00:07:19,041","00:07:20,041"
"81","107","자",NA,"00:07:24,958","00:07:26,000"
"82","108","잊은 줄 알았지?",NA,"00:07:30,541","00:07:31,708"
"83","109","생일 축하해",NA,"00:07:32,208","00:07:33,208"
"84","110","뭐 해, 빨리 풀어봐","석우","00:07:34,875","00:07:36,291"
"85","112","왜?",NA,"00:07:53,791","00:07:54,833"
"86","113","마음에 안 들어?",NA,"00:07:55,500","00:07:56,541"
"87","114","이번 어린이날",NA,"00:08:10,833","00:08:12,375"
"88","115","뭐, 다른 거",NA,"00:08:16,875","00:08:19,458"
"89","116","원하는 거 있으면 말해봐",NA,"00:08:20,000","00:08:21,666"
"90","117","부산",NA,"00:08:23,250","00:08:24,291"
"91","118","엄마한테 가고 싶어요",NA,"00:08:24,916","00:08:26,750"
"92","119","내일",NA,"00:08:27,666","00:08:28,666"
"93","120","아까 얘기했잖아",NA,"00:08:28,833","00:08:30,250"
"94","121","아빠 시간 좀 나면 다음에...",NA,"00:08:30,875","00:08:32,791"
"95","122","아니요, 내일요",NA,"00:08:32,875","00:08:34,875"
"96","123","맨날 다음이라고만 하고 또 거짓말이잖아요",NA,"00:08:35,707","00:08:39,416"
"97","124","아빠 시간 안 뺏을게요","수안","00:08:40,957","00:08:42,916"
"98","125","혼자 갈 수 있어요",NA,"00:08:43,457","00:08:45,125"
"99","127","요즘 많이 바쁘니?","석우 모","00:08:52,791","00:08:54,208"
"100","128","항상 그렇죠, 뭐",NA,"00:08:55,041","00:08:56,208"
"101","129","내일 수안이랑 부산에는 가기로 했고?","석우 모","00:08:57,750","00:09:01,208"
"102","130","네",NA,"00:09:02,250","00:09:03,291"
"103","131","잘했다","석우 모","00:09:03,833","00:09:05,083"
"104","132","이번에 내려가면, 나영이...",NA,"00:09:05,625","00:09:08,708"
"105","133","나영이랑 만나서","석우 모","00:09:10,166","00:09:11,625"
"106","134","밥이라도 먹으면서 한번 잘 얘기해봐",NA,"00:09:11,708","00:09:15,875"
"107","135","부부라는 게 그렇게 쉽게 갈라설 수 있는 게 아니다",NA,"00:09:17,125","00:09:20,625"
"108","136","수안이 생각도 해야지",NA,"00:09:23,083","00:09:24,958"
"109","137","엄마, 그냥 제가 알아서 할게요",NA,"00:09:25,041","00:09:27,458"
"110","138","요즘 좀 중요한 때라서 그래요","석우","00:09:30,083","00:09:32,625"
"111","139","그래",NA,"00:09:34,916","00:09:36,041"
"112","140","네가 어련히 알아서 잘하겠지",NA,"00:09:36,916","00:09:39,708"
"113","141","낮에 학예회에 너 안 와서 수안이가",NA,"00:09:41,541","00:09:45,000"
"114","142","되게 서운해하더라",NA,"00:09:45,083","00:09:46,916"
"115","143","요즘 중요한 때야",NA,"00:09:48,458","00:09:50,500"
"116","144","수안이한테도",NA,"00:09:50,750","00:09:52,208"
"117","149","♪ 검은 구름 ♪",NA,"00:10:16,125","00:10:18,833"
"118","150","♪ 하늘을 가리고 ♪",NA,"00:10:18,916","00:10:23,208"
"119","151","♪ 이별의 ♪",NA,"00:10:24,083","00:10:26,875"
"120","152","♪ 날은 왔도다 ♪",NA,"00:10:26,958","00:10:31,041"
"121","153","♪ 다시... ♪",NA,"00:10:32,083","00:10:33,541"
"122","154","어, 괜찮아","석우 모","00:10:34,458","00:10:37,000"
"123","155","괜찮아, 괜찮아","석우 모","00:10:37,333","00:10:38,333"
"124","156","수안아? ","석우 모","00:10:38,416","00:10:39,458"
"125","156","수안이에게","선생님","00:10:38,416","00:10:39,458"
"126","157","계속해 ","석우 모","00:10:39,541","00:10:40,833"
"127","157","응원의 박수","선생님","00:10:39,541","00:10:40,833"
"128","159","어?","석우 모","00:10:42,416","00:10:43,416"
"129","161","수안아, 계속해","아이","00:10:47,458","00:10:48,750"
"130","162","어, 어, 엄마","수안","00:10:56,333","00:10:58,833"
"131","163","어",NA,"00:10:59,708","00:11:00,750"
"132","164","아니, 아빠도 같이",NA,"00:11:01,458","00:11:03,750"
"133","165","어, 어, 끊어",NA,"00:11:05,375","00:11:07,541"
"134","166","어, 이따가 봐",NA,"00:11:07,625","00:11:09,041"
"135","167","어",NA,"00:11:09,250","00:11:10,416"
"136","170","저기, 어제","석우","00:11:25,416","00:11:26,458"
"137","171","아빠가 수안이 노래하는 거 봤는데, 학예회에서",NA,"00:11:26,541","00:11:28,833"
"138","172","언제 봤어요? 안 왔으면서",NA,"00:11:29,666","00:11:32,500"
"139","173","아빠는 안 보고 있는 것 같으면서도 다 보고 있다?",NA,"00:11:34,291","00:11:36,625"
"140","174","수안이 뭐 하는지?",NA,"00:11:36,708","00:11:37,833"
"141","175","노래하다 말았지?",NA,"00:11:39,750","00:11:41,000"
"142","176","맞지?","석우","00:11:41,875","00:11:42,958"
"143","177","네",NA,"00:11:43,416","00:11:44,666"
"144","178","왜 그랬어 끝까지 해야지, 바보같이",NA,"00:11:45,875","00:11:48,416"
"145","179","모든 일이 그래","석우","00:11:49,791","00:11:51,083"
"146","180","시작하면 중간에 포기하면 안 되는 거야",NA,"00:11:51,541","00:11:53,375"
"147","181","그건 안 한 것만 못하는 거야",NA,"00:11:54,458","00:11:56,291"
"148","183","아, 씨, 놀래라","석우","00:12:07,333","00:12:09,333"
"149","184","아, 뭐야, 새벽부터",NA,"00:12:14,000","00:12:16,083"
"150","187","수안이 괜찮아? 놀랐지?","석우","00:12:23,750","00:12:25,666"
"151","188","아휴, 깜짝 놀랐네",NA,"00:12:27,000","00:12:28,458"
"152","189","수안아 저기 무슨 일 났나 봐",NA,"00:12:40,000","00:12:41,833"
"153","191","출발 안내 말씀 드립니다",NA,"00:12:55,875","00:12:58,375"
"154","192","05시 30분에 부산으로 가는 KTX 101 열차가",NA,"00:12:58,458","00:13:02,375"
"155","193","곧 출발합니다",NA,"00:13:02,458","00:13:04,000"
"156","194","승차권을 구입한 고객께서는...",NA,"00:13:04,250","00:13:05,541"
"157","195","여기 4호 차 어디예요?","남자","00:13:05,625","00:13:06,916"
"158","196","아, 4호 차 저쪽으로 가시면 됩니다",NA,"00:13:07,000","00:13:08,625"
"159","197","예, 고마워요","여자","00:13:08,708","00:13:09,791"
"160","198","다시 한번 안내 말씀 드립니다",NA,"00:13:10,291","00:13:12,041"
"161","199","05시 30분에 부산으로 가는 KTX 101 열차가",NA,"00:13:12,833","00:13:16,875"
"162","200","곧 출발합니다",NA,"00:13:16,958","00:13:18,291"
"163","201","승차권을 구입한...",NA,"00:13:18,625","00:13:19,541"
"164","205","어, 혜영 씨, 혜영 씨 ",NA,"00:13:37,416","00:13:39,041"
"165","205","네?",NA,"00:13:37,416","00:13:39,041"
"166","206","스카프 ",NA,"00:13:39,458","00:13:40,458"
"167","206","아",NA,"00:13:39,458","00:13:40,458"
"168","207","돌아갔어요","기철","00:13:40,541","00:13:41,833"
"169","209","자, 다들 조용히 하고 모두 자리에 앉자",NA,"00:13:48,166","00:13:51,250"
"170","210","네","야구부원들","00:13:51,416","00:13:52,416"
"171","212","어? 진희다 ","준모","00:13:55,291","00:13:57,000"
"172","212","어?","부원1","00:13:55,291","00:13:57,000"
"173","213","야 ","부원1","00:13:57,083","00:13:58,333"
"174","213","뭐야, 쟤","부원2","00:13:57,083","00:13:58,333"
"175","214","어? 야, 김진희 ","부원3","00:13:58,916","00:14:01,541"
"176","214","네가 여기 웬일이냐?","준모","00:13:58,916","00:14:01,541"
"177","215","나 너희 응원단장 됐잖아",NA,"00:14:01,791","00:14:03,666"
"178","216","아, 진짜? ","준모","00:14:03,750","00:14:05,125"
"179","216","소식 못 들었냐?",NA,"00:14:03,750","00:14:05,125"
"180","217","야, 잘됐다","부원3","00:14:05,208","00:14:06,541"
"181","218","하고 싶어 하더니 ","부원3","00:14:06,625","00:14:07,791"
"182","218","아, 좋은데?","부원4","00:14:06,625","00:14:07,791"
"183","219","여기 앉을래? ","부원5","00:14:07,875","00:14:09,750"
"184","219","열심히들 해라","진희","00:14:07,875","00:14:09,750"
"185","221","어, 어? ","부원6","00:14:11,916","00:14:13,458"
"186","221","진희, 안녕","부원7","00:14:11,916","00:14:13,458"
"187","222","안녕 ","부원8","00:14:13,541","00:14:16,000"
"188","222","오~","부원7","00:14:13,541","00:14:16,000"
"189","223","뭐 듣냐?","진희","00:14:16,083","00:14:17,166"
"190","224","야, 그냥 딴 데 앉아라 어?",NA,"00:14:19,958","00:14:22,333"
"191","225","아무것도 안 들으면서",NA,"00:14:22,541","00:14:24,125"
"192","226","야, 넌 내가 좋다고 하면",NA,"00:14:24,333","00:14:26,458"
"193","227","그냥 '감사합니다' 하면서 받아들이면 돼, 네 운명을",NA,"00:14:26,541","00:14:30,625"
"194","228","그럼, 그럼 ","부원9","00:14:30,708","00:14:34,041"
"195","228","운명이야, 운명","부원10","00:14:30,708","00:14:34,041"
"196","229","받아줘, 받아줘!","야구부원들","00:14:34,125","00:14:37,708"
"197","230","받아줘, 받아...",NA,"00:14:37,875","00:14:40,166"
"198","232","응, 종길아, 응?",NA,"00:14:43,833","00:14:45,416"
"199","233","아이고, 참 이걸 또 언제 삶았대",NA,"00:14:46,500","00:14:48,708"
"200","234","이걸 왜 싸 와 대전까지 1시간이면 가는데",NA,"00:14:48,791","00:14:51,125"
"201","235","치워",NA,"00:14:51,208","00:14:52,250"
"202","236","아이, 안 먹어","종길","00:14:52,333","00:14:54,250"
"203","237","치, 여기 소금","인길","00:14:54,333","00:14:55,750"
"204","238","팀장님, 기차 타셨어요?","김 대리","00:14:55,833","00:14:57,875"
"205","239","어, 김 대리, 왜?",NA,"00:14:58,250","00:14:59,416"
"206","240","아, 새벽부터 전화가 너무 와서요","김 대리","00:14:59,875","00:15:01,750"
"207","241","안산 공단 쪽에서 밤사이 시위가 있었나 봐요",NA,"00:15:01,958","00:15:04,458"
"208","242","그래?","석우","00:15:05,208","00:15:06,250"
"209","243","일단 관련 정보 취합해보고",NA,"00:15:07,708","00:15:09,416"
"210","244","출근하면 연관 종목부터 추려놔",NA,"00:15:09,666","00:15:12,125"
"211","245","점심 전에 들어갈 것 같으니까",NA,"00:15:12,208","00:15:13,666"
"212","246","네","김 대리","00:15:13,875","00:15:14,875"
"213","256","야, 씨!","남자","00:15:50,750","00:15:51,625"
"214","260","잘못했습니다",NA,"00:16:17,708","00:16:19,500"
"215","261","잘못했습니다 죄송합니다, 죄송합니다",NA,"00:16:19,625","00:16:21,791"
"216","262","죄송합니다 잘못했습니다",NA,"00:16:22,125","00:16:24,000"
"217","263","잘못했습니다",NA,"00:16:24,083","00:16:26,083"
"218","264","죄송합니다",NA,"00:16:26,583","00:16:28,458"
"219","266","저기요! ","용석","00:16:38,916","00:16:40,625"
"220","266","네","팀장","00:16:38,916","00:16:40,625"
"221","267","아이고, 수고 많으세요 ",NA,"00:16:41,708","00:16:43,416"
"222","267","예",NA,"00:16:41,708","00:16:43,416"
"223","268","이상한 사람이 하나 타고 있는 것 같은데?",NA,"00:16:43,916","00:16:45,916"
"224","269","어디...?",NA,"00:16:46,000","00:16:47,125"
"225","270","아이, 저 화장실에 누가 하나 들어가 있는데",NA,"00:16:47,208","00:16:49,291"
"226","271","네","팀장","00:16:49,375","00:16:50,333"
"227","272","그 무슨 짓을 하는지 좀 이상해요",NA,"00:16:50,416","00:16:52,708"
"228","273","한참 됐어요 ","여자","00:16:52,791","00:16:54,375"
"229","273","응","용석","00:16:52,791","00:16:54,375"
"230","274","아, 죄송합니다, 고객님",NA,"00:16:54,458","00:16:56,250"
"231","275","예, 제가 바로 확인해보겠습니다","팀장","00:16:56,333","00:16:57,583"
"232","276","예 ","용석","00:16:57,666","00:16:58,666"
"233","276","예","팀장","00:16:57,666","00:16:58,666"
"234","279","고객님!","팀장","00:17:09,000","00:17:10,125"
"235","281","고객님!","팀장","00:17:12,540","00:17:13,665"
"236","283","고객님!","팀장","00:17:17,208","00:17:18,583"
"237","284","다 죽었어, 다 죽었어",NA,"00:17:25,833","00:17:28,290"
"238","285","손님!",NA,"00:17:28,958","00:17:30,041"
"239","286","손님?",NA,"00:17:31,250","00:17:32,375"
"240","287","죄송하지만 티켓 좀 확인하겠습니다",NA,"00:17:32,791","00:17:34,750"
"241","288","다 죽었어, 다 죽었어",NA,"00:17:34,875","00:17:36,833"
"242","289","손님! 소지하신 티켓이 없으시면",NA,"00:17:37,666","00:17:40,291"
"243","290","다음 역에 하차하셔서",NA,"00:17:40,375","00:17:41,333"
"244","291","저희 역무원 지시를 따르셔야 됩니다",NA,"00:17:41,416","00:17:43,375"
"245","292","다 죽었어",NA,"00:17:44,791","00:17:47,375"
"246","293","다 죽었어 ","노숙자","00:17:47,916","00:17:49,458"
"247","293","네?",NA,"00:17:47,916","00:17:49,458"
"248","294","다 죽었어, 다, 다, 다",NA,"00:17:51,125","00:17:54,208"
"249","296","야, 꼬마야","용석","00:17:57,416","00:17:58,416"
"250","297","너 공부 열심히 안 하면 나중에",NA,"00:17:59,083","00:18:00,291"
"251","298","저 아저씨처럼 된다, 응? ",NA,"00:18:00,375","00:18:02,375"
"252","298","손님, 나오세요","팀장","00:18:00,375","00:18:02,375"
"253","299","우리 엄마가 그렇게 말하는 사람은",NA,"00:18:02,541","00:18:04,666"
"254","300","나쁜 사람이랬는데 ",NA,"00:18:04,750","00:18:06,458"
"255","300","손님!","팀장","00:18:04,750","00:18:06,458"
"256","301","나오세요","팀장","00:18:06,541","00:18:07,625"
"257","302","너희 엄마가 공부 열심히 안 하셨나 보다, 야",NA,"00:18:07,708","00:18:10,416"
"258","303","손님, 여기서 이러지 마시고","팀장","00:18:10,750","00:18:12,458"
"259","304","일단 나오세요","팀장","00:18:13,208","00:18:14,583"
"260","305","뒤로 이동할게요","팀장","00:18:14,666","00:18:15,541"
"261","306","아, 진짜","팀장","00:18:18,541","00:18:20,125"
"262","309","으씨, 미친년",NA,"00:18:28,500","00:18:30,000"
"263","310","아, 흐윽","소녀","00:18:30,500","00:18:31,708"
"264","311","흐윽",NA,"00:18:32,208","00:18:33,083"
"265","313","윽",NA,"00:18:34,500","00:18:35,375"
"266","315","급해?",NA,"00:18:51,208","00:18:52,125"
"267","316","여기는 안에 두 명이 싸고 있어서 오래 걸리니까",NA,"00:18:53,958","00:18:56,541"
"268","317","어, 저기 저기 저쪽 화장실로 가",NA,"00:18:56,625","00:18:58,875"
"269","318","얼른",NA,"00:18:59,333","00:19:00,333"
"270","319","시간 좀 걸릴 것 같은데",NA,"00:19:03,375","00:19:04,833"
"271","320","자기야, 어떻게 잘 되고 있어요?",NA,"00:19:05,750","00:19:08,458"
"272","322","어, 아니, 어, 미안 알았어, 미안해",NA,"00:19:09,791","00:19:11,875"
"273","323","어, 미안 편하게 해, 편하게",NA,"00:19:11,958","00:19:14,041"
"274","324","저리로 가, 저리, 얼른","상화","00:19:14,125","00:19:15,583"
"275","325","어, 편하게 해, 편하게 갔어, 갔어",NA,"00:19:17,375","00:19:19,833"
"276","326","응, 편하게 해","상화","00:19:19,916","00:19:21,083"
"277","329","손님!","민지","00:19:29,750","00:19:30,875"
"278","330","손님, 괜찮으세요?",NA,"00:19:30,958","00:19:32,500"
"279","331","손님!","민지","00:19:32,583","00:19:33,791"
"280","332","어, 어떡해!",NA,"00:19:33,875","00:19:34,833"
"281","333","팀장님, 여기 11호 차 응급 환자 발생했습니다",NA,"00:19:35,583","00:19:38,333"
"282","334","팀장님!",NA,"00:19:38,958","00:19:40,208"
"283","336","여보세요? ","김 대리","00:19:53,750","00:19:55,333"
"284","336","어, 김 대리",NA,"00:19:53,750","00:19:55,333"
"285","337","팀장님, 이거 생각보다 심각한데요?","김 대리","00:19:55,416","00:19:57,958"
"286","338","그 밤사이 벌어진 게 안산만이 아니에요",NA,"00:19:58,125","00:20:00,125"
"287","339","어, 그러니까 뭐가 뭔지 모르겠는데",NA,"00:20:00,541","00:20:02,958"
"288","340","아무튼 단순 시위가 아니에요",NA,"00:20:03,291","00:20:04,916"
"289","341","전국적 폭동이라고도 하고 있고요",NA,"00:20:05,041","00:20:07,041"
"290","342","호흡은요? ","팀장","00:20:07,125","00:20:08,625"
"291","342","여보세요?","김 대리","00:20:07,125","00:20:08,625"
"292","343","그 사람 호흡은 어때요?","팀장","00:20:08,708","00:20:09,833"
"293","344","이게 숨은 쉬는데요 ","민지","00:20:09,916","00:20:11,458"
"294","344","듣고 계세요?","김 대리","00:20:09,916","00:20:11,458"
"295","345","발작이 너무 심해요 ","민지","00:20:11,666","00:20:13,791"
"296","345","팀장님","김 대리","00:20:11,666","00:20:13,791"
"297","346","팀장님 이거 어떻게 할까요, 예?","김 대리","00:20:14,250","00:20:15,708"
"298","347","김 대리, 내가 다시 걸게",NA,"00:20:16,125","00:20:17,500"
"299","350","어머, 저저저 ","종길","00:20:27,041","00:20:29,500"
"300","350","어머, 저걸 어째","인길","00:20:27,041","00:20:29,500"
"301","351","다치겠네","인길","00:20:30,000","00:20:31,208"
"302","352","저러면 안 되지",NA,"00:20:31,291","00:20:32,583"
"303","353","안 되긴 뭐가 안 돼",NA,"00:20:32,666","00:20:33,666"
"304","354","저 나라 어지럽게 뻑 하면 데모질이고",NA,"00:20:33,750","00:20:35,833"
"305","355","옛날 같으면 저런 것들 싹 다 잡아다가",NA,"00:20:36,125","00:20:37,791"
"306","356","그냥 정신 번쩍 차리게",NA,"00:20:37,916","00:20:38,875"
"307","357","얘, 그런 말 하면 못써",NA,"00:20:38,958","00:20:40,708"
"308","359","어머! ","종길","00:20:42,083","00:20:43,375"
"309","359","어머!","인길","00:20:42,083","00:20:43,375"
"310","361","아유, 왜들 저래 ","인길","00:20:45,041","00:20:47,541"
"311","361","아이고, 저저저","종길","00:20:45,041","00:20:47,541"
"312","362","손님","민지","00:20:47,625","00:20:48,958"
"313","364","어떡해","민지","00:20:50,875","00:20:51,916"
"314","366","팀장님! 팀장님, 어디쯤 오고 계세요?",NA,"00:20:55,583","00:20:57,833"
"315","367","미치겠네","민지","00:20:58,916","00:21:00,333"
"316","368","아, 진짜 미치겠네",NA,"00:21:00,416","00:21:02,083"
"317","373","팀장님?",NA,"00:21:12,375","00:21:14,250"
"318","380","민지 씨, 민지 씨?",NA,"00:21:29,125","00:21:31,208"
"319","385","야, 저거 뭐야? ","부원1","00:21:48,333","00:21:50,000"
"320","385","뭐야?","부원2","00:21:48,333","00:21:50,000"
"321","389","뭐야, 저게 뭐 하는 거야?","부원3","00:21:54,500","00:21:55,833"
"322","391","뭐 하는 거야? ","부원4","00:21:57,875","00:21:59,791"
"323","391","거기 누구야?","부원5","00:21:57,875","00:21:59,791"
"324","393","뭐 하는 거야? ","부원6","00:22:01,000","00:22:01,916"
"325","393","왜 저래?","부원7","00:22:01,000","00:22:01,916"
"326","394","뭐 하는 거야?","부원8","00:22:02,000","00:22:04,041"
"327","396","야, 저거 뭐야?",NA,"00:22:05,166","00:22:07,375"
"328","398","야, 너 뭐 해!",NA,"00:22:09,166","00:22:10,041"
"329","403","잠시만요! 잠시만요!","팀장","00:22:21,458","00:22:23,541"
"330","404","잠시만요!",NA,"00:22:23,750","00:22:24,750"
"331","405","잠시만요","팀장","00:22:27,916","00:22:29,291"
"332","406","아, 윽!","팀장","00:22:29,916","00:22:31,541"
"333","414","넘어가요, 넘어가요, 빨리!",NA,"00:22:47,791","00:22:49,125"
"334","415","빨리!",NA,"00:22:49,333","00:22:50,333"
"335","416","빨리 나가요!","팀장","00:22:50,708","00:22:51,708"
"336","417","빨리요, 빨리!","팀장","00:22:51,791","00:22:53,041"
"337","418","기장님, 폭력 사태요!",NA,"00:22:54,041","00:22:55,166"
"338","419","기장님, 객실에서 폭력 사태가 일어났습니다!",NA,"00:22:55,916","00:22:58,583"
"339","420","기장님!","팀장","00:22:58,708","00:22:59,583"
"340","422","도, 도망가!",NA,"00:23:10,458","00:23:12,208"
"341","428","뭐야, 저거? ","여자1","00:23:33,375","00:23:35,208"
"342","428","저게 뭐야, 진짜!","남자1","00:23:33,375","00:23:35,208"
"343","431","아이씨!","남자2","00:23:39,458","00:23:41,041"
"344","434","도망가, 도망가!","남자3","00:23:45,625","00:23:48,125"
"345","437","나가세요! 빨리!","팀장","00:23:55,000","00:23:56,125"
"346","438","일어나세요! 나가세요!",NA,"00:23:56,208","00:23:57,458"
"347","439","어, 손님!",NA,"00:23:57,875","00:23:58,916"
"348","441","아, 뭐야, 이거!","팀장","00:24:00,791","00:24:02,416"
"349","446","뭐야, 이거, 아악!","팀장","00:24:09,708","00:24:11,000"
"350","451","아빠!",NA,"00:24:21,000","00:24:21,833"
"351","464","빨리, 빨리!","남자","00:24:59,750","00:25:00,833"
"352","465","자기야",NA,"00:25:04,291","00:25:05,541"
"353","466","야, 윤상화!",NA,"00:25:07,166","00:25:08,416"
"354","467","아, 진짜 시끄럽게 ",NA,"00:25:08,500","00:25:11,000"
"355","467","아이, 미안해, 미안해",NA,"00:25:08,500","00:25:11,000"
"356","468","엄마야! 저리 가","여자","00:25:11,083","00:25:13,500"
"357","472","이 새끼야, 뭐 해! 빨리 도와줘!",NA,"00:25:24,791","00:25:26,291"
"358","474","아저씨! 아저씨 아저씨, 왜 이래?","상화","00:25:29,083","00:25:30,833"
"359","477","아저씨 왜 이래, 미쳤어?",NA,"00:25:35,000","00:25:36,500"
"360","482","아이씨",NA,"00:25:48,458","00:25:49,916"
"361","484","자기야","상화","00:25:51,583","00:25:52,625"
"362","485","야, 성경아!","상화","00:25:52,708","00:25:54,166"
"363","486","너 뛸 수 있는 거지?",NA,"00:25:56,125","00:25:58,250"
"364","489","어우, 씨",NA,"00:26:07,083","00:26:08,708"
"365","493","도망가!","남자1","00:26:17,958","00:26:19,458"
"366","494","다 피해야 돼!","남자2","00:26:19,541","00:26:20,583"
"367","498","뭐 하는 거야?","남자3","00:26:27,500","00:26:28,791"
"368","499","문, 문 막아!",NA,"00:26:31,208","00:26:32,041"
"369","500","문!","용석","00:26:32,125","00:26:33,875"
"370","501","문 막아, 문! ","남자4","00:26:34,541","00:26:36,333"
"371","501","빨리, 빨리!","여자1","00:26:34,541","00:26:36,333"
"372","502","빨리! ","여자1","00:26:36,500","00:26:38,458"
"373","502","빨리 닫으라고요!","남자5","00:26:36,500","00:26:38,458"
"374","503","빨리! ","여자1","00:26:38,708","00:26:40,250"
"375","503","문 닫아!","여자2","00:26:38,708","00:26:40,250"
"376","504","빨리 문 닫아요!","남자6","00:26:40,666","00:26:43,125"
"377","505","빨리!","용석","00:26:43,625","00:26:44,625"
"378","506","그냥 닫아!",NA,"00:26:44,750","00:26:46,250"
"379","508","야! ","상화","00:26:51,250","00:26:53,833"
"380","508","어, 어떡해!","여자3","00:26:51,250","00:26:53,833"
"381","509","어, 아저씨다!",NA,"00:26:53,916","00:26:54,958"
"382","510","씨",NA,"00:26:55,041","00:26:56,041"
"383","514","어, 빨리! 빨리 닫아, 빨리!","남자7","00:27:02,000","00:27:04,166"
"384","515","아이씨","상화","00:27:04,250","00:27:06,291"
"385","516","어유, 씨","상화","00:27:06,375","00:27:07,791"
"386","517","아이씨 이거 어떻게 잠가?",NA,"00:27:08,333","00:27:09,750"
"387","518","야! 이거 어떻게 잠가?",NA,"00:27:11,041","00:27:12,666"
"388","519","어?","상화","00:27:13,500","00:27:14,958"
"389","520","야, 이 새끼야, 안 들려?",NA,"00:27:15,125","00:27:16,666"
"390","521","아이씨",NA,"00:27:18,916","00:27:19,958"
"391","522","그거 놔봐요",NA,"00:27:20,583","00:27:21,666"
"392","523","뭐?",NA,"00:27:22,625","00:27:23,666"
"393","525","그 사람들 문 열 줄 모르는 것 같아",NA,"00:27:26,708","00:27:28,416"
"394","528","보이니까 달려드나 봐",NA,"00:27:38,958","00:27:40,416"
"395","533","아니",NA,"00:27:59,791","00:28:00,958"
"396","534","지금 저게 지금 저게",NA,"00:28:01,083","00:28:02,875"
"397","535","저것들은 도대체 뭐야?",NA,"00:28:03,458","00:28:04,791"
"398","537","수안아, 괜찮아?",NA,"00:28:08,875","00:28:10,041"
"399","538","저기요, 아저씨!","상화","00:28:11,958","00:28:13,083"
"400","539","뭡니까?","석우","00:28:14,291","00:28:15,291"
"401","541","너 나한테 할 얘기 좀 있지 않으세요?",NA,"00:28:17,041","00:28:18,666"
"402","542","무슨 소리야?",NA,"00:28:19,250","00:28:20,458"
"403","543","이 새끼 봐라, 이거?",NA,"00:28:20,916","00:28:22,041"
"404","544","사람이 뛰어오는데 코앞에서 문을 닫아?",NA,"00:28:22,833","00:28:24,708"
"405","545","돌았냐, 이 새끼야?",NA,"00:28:24,791","00:28:25,791"
"406","546","거 말조심해요 당신만 위험했던 거 아니니까",NA,"00:28:25,916","00:28:28,250"
"407","547","하, 뭐 이런 새끼가 다 있어",NA,"00:28:29,125","00:28:31,250"
"408","548","너 이리로 와봐","상화","00:28:32,083","00:28:33,041"
"409","549","너 내가 저쪽으로 확 던져 버리려니까 이리 와",NA,"00:28:33,125","00:28:35,041"
"410","550","아이, 그만해! 하",NA,"00:28:35,125","00:28:36,583"
"411","551","다들 겁나니까 그런 거야",NA,"00:28:36,666","00:28:37,708"
"412","553","와, 씨",NA,"00:28:40,333","00:28:41,333"
"413","554","승객 여러분께 알려드립니다",NA,"00:28:42,458","00:28:44,583"
"414","555","우리 열차는 열차 사정상 잠시 후 진입하는",NA,"00:28:45,166","00:28:47,958"
"415","556","천안아산역에 정차하지 않습니다",NA,"00:28:48,041","00:28:50,541"
"416","557","승객 여러분은 안전을 위해 모두",NA,"00:28:50,958","00:28:52,708"
"417","558","자리에 앉아주시길 바랍니다",NA,"00:28:52,791","00:28:54,541"
"418","559","지나갑시다, 미안합니다","용석","00:28:54,625","00:28:56,875"
"419","560","왜 안 서는 거야?","여자","00:28:56,958","00:28:58,458"
"420","561","승무원! 승무원 없어요?","용석","00:28:58,958","00:29:01,458"
"421","562","네, 승무원입니다 말씀하세요","기철","00:29:01,541","00:29:03,833"
"422","563","당신들 말이야",NA,"00:29:03,916","00:29:05,041"
"423","564","지금 기차 안에서 무슨 일이 벌어지고 있는지 몰라?",NA,"00:29:05,125","00:29:07,791"
"424","565","왜 천안역에 안 세우는 거예요, 예?",NA,"00:29:07,875","00:29:09,750"
"425","566","아뇨, 알고 있습니다 저도 대피해 있는 상태고요","기철","00:29:09,833","00:29:12,500"
"426","567","하지만 관제실에서 그렇게 하랍니다",NA,"00:29:12,583","00:29:14,500"
"427","568","저, 지시를 따라주세요",NA,"00:29:14,583","00:29:15,875"
"428","569","아, 무슨 관제실 타령이야 지금!",NA,"00:29:15,958","00:29:17,958"
"429","570","사람인지 뭔지 모를 것들이 미쳐서 날뛰고 있는데!",NA,"00:29:18,041","00:29:20,625"
"430","571","무조건 천안역에 세워요 알았어?",NA,"00:29:21,041","00:29:22,916"
"431","573","잠깐만요","용석","00:29:24,750","00:29:25,875"
"432","574","조금만 참아","상화","00:29:26,708","00:29:28,500"
"433","575","저기 죄송한데 좀 잠시 앉을 수 있을까요?",NA,"00:29:29,791","00:29:32,583"
"434","576","여기 임산부라 ",NA,"00:29:32,666","00:29:34,250"
"435","576","아, 하지 마","성경","00:29:32,666","00:29:34,250"
"436","577","네 ","여자","00:29:34,333","00:29:35,750"
"437","577","앉아, 앉아",NA,"00:29:34,333","00:29:35,750"
"438","578","괜찮아요 ","성경","00:29:35,833","00:29:37,125"
"439","578","네, 고맙습니다","상화","00:29:35,833","00:29:37,125"
"440","579","고맙습니다, 앉아","상화","00:29:37,208","00:29:38,375"
"441","580","어, 엄마",NA,"00:29:40,833","00:29:41,875"
"442","581","어, 석우야","석우 모","00:29:41,958","00:29:43,708"
"443","582","잘 가고 있지?",NA,"00:29:43,791","00:29:45,416"
"444","583","그냥 가, 가고 있어요",NA,"00:29:46,125","00:29:48,083"
"445","584","근데, 왜","석우","00:29:48,458","00:29:49,625"
"446","585","어디예요? 왜 이렇게 시끄러워?",NA,"00:29:49,708","00:29:51,125"
"447","586","이게 다 뭔 일이라니","석우 모","00:29:51,208","00:29:53,166"
"448","587","왜 이렇게들 싸우고",NA,"00:29:53,250","00:29:55,541"
"449","588","너랑 수안이는... 괜찮지?",NA,"00:29:55,625","00:29:59,166"
"450","589","엄마 숨을 왜 그렇게 쉬어요? 어디 다쳤어요?",NA,"00:29:59,458","00:30:01,708"
"451","591","석우야, 우, 우리 석우","석우 모","00:30:03,291","00:30:05,750"
"452","592","우, 우리 새끼",NA,"00:30:06,250","00:30:07,541"
"453","593","우리 수안이 좀 잘 좀 챙겨줘",NA,"00:30:07,625","00:30:11,250"
"454","594","엄마, 괜찮아?",NA,"00:30:11,375","00:30:13,833"
"455","595","우리 수안이, 내 강아지","석우 모","00:30:13,916","00:30:16,833"
"456","597","그, 그렇게 예뻐하는데 제 엄마...","석우 모","00:30:19,958","00:30:23,000"
"457","598","제 엄마만 찾는 우리 새끼",NA,"00:30:23,083","00:30:26,291"
"458","599","썩을 놈들!",NA,"00:30:27,416","00:30:30,750"
"459","603","엄마?",NA,"00:30:38,166","00:30:39,541"
"460","604","아빠",NA,"00:30:41,916","00:30:43,250"
"461","606","아빠","수안","00:30:44,958","00:30:46,250"
"462","607","할머니 괜찮대요?",NA,"00:30:48,458","00:30:50,416"
"463","609","어, 이거 뭐야!","남자","00:30:57,833","00:30:59,666"
"464","610","어, 왜 이래? ","남자","00:30:59,750","00:31:01,041"
"465","610","왜 이러지?","여자","00:30:59,750","00:31:01,041"
"466","611","수안아, 앉아 있자",NA,"00:31:01,958","00:31:03,500"
"467","614","세워!","청년","00:31:14,833","00:31:16,083"
"468","616","문 좀 열어주세요!","청년","00:31:17,708","00:31:18,916"
"469","618","세워!","청년","00:31:23,625","00:31:24,791"
"470","619","세우라고!",NA,"00:31:25,750","00:31:27,208"
"471","622","존경하는 국민 여러분","장관","00:31:48,208","00:31:49,833"
"472","624","전일 서울을 비롯한 도시 곳곳에서",NA,"00:31:50,875","00:31:53,458"
"473","625","전국 단위의 과격 폭력 시위가 벌어져",NA,"00:31:53,916","00:31:57,416"
"474","626","시민과 경찰 양쪽에서 많은 부상자가 발생하였습니다",NA,"00:31:57,500","00:32:02,250"
"475","627","시위에 따른 혼란으로 도심 일부가 일시적으로 마비되었고",NA,"00:32:03,041","00:32:07,458"
"476","628","일부 시위대는 경찰 버스를 부수고 지붕 위에 올라타는 등",NA,"00:32:07,791","00:32:11,958"
"477","629","버스 탈취와 전복을 시도하였습니다","장관","00:32:12,416","00:32:14,750"
"478","630","잘한다 ","여자","00:32:14,833","00:32:16,958"
"479","630","오, 좋았어","남자","00:32:14,833","00:32:16,958"
"480","631","이에 정부는","장관","00:32:17,041","00:32:18,375"
"481","632","국가 재난 상황을 발령",NA,"00:32:18,458","00:32:20,375"
"482","633","국민의 안전 보장과",NA,"00:32:21,041","00:32:22,666"
"483","634","사태 확산 방지를 위해",NA,"00:32:22,750","00:32:24,750"
"484","635","최우선 조치를 취하고 있습니다",NA,"00:32:24,833","00:32:27,041"
"485","636","야, 같이 가!","여자","00:32:27,125","00:32:28,166"
"486","638","다행히도 현재 정부의 발 빠른 대응으로","장관","00:32:29,833","00:32:33,083"
"487","639","폭력 시위는","장관","00:32:33,166","00:32:34,125"
"488","640","점차 잦아들고 있으며 ","장관","00:32:34,208","00:32:35,666"
"489","640","찍고 있어?","남자","00:32:34,208","00:32:35,666"
"490","641","조용히 좀 해봐 ","여자","00:32:35,750","00:32:37,875"
"491","641","조속한 시일 내에","장관","00:32:35,750","00:32:37,875"
"492","642","마무리될 것으로 보입니다","장관","00:32:37,958","00:32:39,708"
"493","644","국민 여러분","장관","00:32:41,333","00:32:42,958"
"494","645","현 사태와 관련하여",NA,"00:32:43,041","00:32:45,083"
"495","646","떠도는 터무니없는 악성 유언비어에 동요하지 마시고",NA,"00:32:45,166","00:32:49,125"
"496","647","현명한 자세로",NA,"00:32:49,208","00:32:50,458"
"497","648","가정에서 자리를 지키시길 당부의 말씀 드립니다",NA,"00:32:50,916","00:32:55,125"
"498","649","지금은 흔들리지 않고 우리 모두가 정부를 믿고",NA,"00:32:55,208","00:32:58,375"
"499","650","슬기롭게 극복하는 데 역량을 모아 나가야 할 때입니다",NA,"00:32:58,458","00:33:01,916"
"500","651","국민 여러분의 안전에는 이상이 없을 것입니다",NA,"00:33:02,708","00:33:06,708"
"501","655","갑시다, 예?","남자","00:33:16,541","00:33:18,833"
"502","658","엄마 전화기가 꺼져 있어요",NA,"00:33:28,250","00:33:30,291"
"503","660","저기요! 아, 빨리빨리 좀 갑시다, 예?","남자1","00:33:34,166","00:33:37,125"
"504","661","수안아, 일단 여기 앉자",NA,"00:33:37,750","00:33:39,125"
"505","662","걱정하지 마, 아빠가 이따가 다시 전화해볼게",NA,"00:33:40,000","00:33:42,166"
"506","663","아, 사람, 거 진짜","남자1","00:33:42,250","00:33:43,750"
"507","664","종길아, 이리 와 앉아",NA,"00:33:44,166","00:33:45,708"
"508","665","어우, 자기가 더 할머니면서 언니가 앉아",NA,"00:33:45,791","00:33:48,375"
"509","666","자, 어서 앉아 ","인길","00:33:48,458","00:33:49,666"
"510","666","아이고, 아이고","종길","00:33:48,458","00:33:49,666"
"511","667","자기야, 이쪽에 앉자 ","상화","00:33:49,750","00:33:51,500"
"512","667","아우, 참 내, 어휴","종길","00:33:49,750","00:33:51,500"
"513","668","할머니! 할머니, 여기 앉으세요",NA,"00:33:55,875","00:33:58,291"
"514","669","아가, 어서 가서 앉아",NA,"00:33:58,375","00:33:59,541"
"515","670","아니에요 할머니 앉으세요","수안","00:33:59,625","00:34:01,541"
"516","672","아이고, 아가",NA,"00:34:04,916","00:34:06,125"
"517","673","이거 먹을래?",NA,"00:34:07,166","00:34:08,708"
"518","674","앞에 빨리빨리 좀 갑시다","남자2","00:34:09,458","00:34:11,041"
"519","675","네, 감사합니다 ","수안","00:34:11,125","00:34:13,000"
"520","675","고맙다","인길","00:34:11,125","00:34:13,000"
"521","676","고놈 참 멋있네",NA,"00:34:13,083","00:34:14,625"
"522","677","잘됐다, 앉아 있어 ","종길","00:34:19,416","00:34:21,791"
"523","677","가려면 빨리 가든지","상화","00:34:19,416","00:34:21,791"
"524","678","아, 가방 진짜","상화","00:34:22,500","00:34:23,791"
"525","679","수안아",NA,"00:34:25,666","00:34:26,666"
"526","680","이럴 땐 안 그래도 돼",NA,"00:34:26,750","00:34:27,875"
"527","681","뭘요?",NA,"00:34:28,458","00:34:29,625"
"528","682","양보 말이야",NA,"00:34:29,916","00:34:31,041"
"529","683","지금 같은 때는 자기 자신이 제일 우선이야",NA,"00:34:31,458","00:34:33,458"
"530","684","알았어?","석우","00:34:33,541","00:34:34,583"
"531","685","대답해",NA,"00:34:37,458","00:34:38,416"
"532","686","우리 할머니도 맨날 무릎 아파했는데",NA,"00:34:43,708","00:34:46,916"
"533","687","수안아",NA,"00:34:48,708","00:34:49,750"
"534","688","차내에 계신 승객 여러분께 사과의 말씀 올리며",NA,"00:34:54,250","00:34:57,750"
"535","689","우리 열차는 대전역까지만 운행한다는 사실을 알려드립니다",NA,"00:34:58,416","00:35:01,833"
"536","690","현재 대전역에 군대를 배치하여",NA,"00:35:02,750","00:35:05,208"
"537","691","우리 열차의 소요 사태를 진압할 예정이오니",NA,"00:35:05,291","00:35:08,125"
"538","692","대전역에 도착하면 한 분도 빠짐없이 하차해주시기 바랍니다",NA,"00:35:08,208","00:35:12,250"
"539","693","다시 한번 말씀드립니다",NA,"00:35:12,333","00:35:14,333"
"540","694","우리 열차는 대전역까지만 운행합니다",NA,"00:35:14,416","00:35:17,125"
"541","695","지금 진입 가능한 데가 어디야, 응?","용석","00:35:17,208","00:35:19,250"
"542","696","여수, 울진, 부산 그리고, 그럼 대전은? 대전은?",NA,"00:35:19,708","00:35:22,333"
"543","697","잠깐만요 저 화장실 좀 씁시다",NA,"00:35:22,416","00:35:24,541"
"544","698","야, 대전은 들어갈 수 있어?",NA,"00:35:24,625","00:35:26,291"
"545","699","아, 왜 안 돼?","용석","00:35:26,375","00:35:27,625"
"546","701","수안아",NA,"00:35:29,416","00:35:30,875"
"547","702","여기 잠깐만 있어",NA,"00:35:30,958","00:35:32,166"
"548","703","야, 꼬맹이!","상화","00:35:36,000","00:35:37,208"
"549","704","네?",NA,"00:35:37,666","00:35:38,666"
"550","705","저 사람 누구야, 아빠야?",NA,"00:35:38,750","00:35:40,291"
"551","706","네 ",NA,"00:35:41,333","00:35:43,083"
"552","706","친아빠?",NA,"00:35:41,333","00:35:43,083"
"553","707","네","수안","00:35:43,166","00:35:44,166"
"554","708","아니, 이상하잖아",NA,"00:35:44,833","00:35:46,166"
"555","709","아빠 뭐 하는 사람인데?",NA,"00:35:47,208","00:35:48,625"
"556","710","증권사 펀드 매니저요",NA,"00:35:48,708","00:35:50,666"
"557","711","아, 펀드 매니저? ",NA,"00:35:50,750","00:35:53,250"
"558","711","네","수안","00:35:50,750","00:35:53,250"
"559","712","개미핥기, 개미핥기",NA,"00:35:54,041","00:35:55,458"
"560","713","다 남들 피 빨아먹고 사는 새끼들",NA,"00:35:56,708","00:35:58,541"
"561","714","윤상화! 너 애 앞에서 못 하는 소리가 없어, 진짜",NA,"00:35:58,708","00:36:01,416"
"562","715","괜찮아요, 뭐",NA,"00:36:01,875","00:36:03,791"
"563","716","다들 뭐 그렇게 다 생각하시니까",NA,"00:36:03,875","00:36:06,375"
"564","718","이거 줄까?",NA,"00:36:12,500","00:36:13,791"
"565","719","우리 잠잠이가 먹는 건데","성경","00:36:14,666","00:36:16,083"
"566","720","얘가 잠잠이야 인사할래?",NA,"00:36:17,833","00:36:20,333"
"567","721","이름이 잠잠이예요?",NA,"00:36:21,625","00:36:24,000"
"568","722","아니, 태명",NA,"00:36:24,416","00:36:25,666"
"569","723","그러니까 이게 별명 같은 거고",NA,"00:36:25,750","00:36:27,916"
"570","724","어, 이름은 아빠가 게을러터져서 아직 지어주지 않았어",NA,"00:36:28,041","00:36:32,250"
"571","725","만져봐",NA,"00:36:34,583","00:36:35,541"
"572","726","만져봐","성경","00:36:36,041","00:36:37,125"
"573","727","만져봐",NA,"00:36:38,250","00:36:39,583"
"574","729","왔어?",NA,"00:36:45,291","00:36:46,708"
"575","730","이거 아저씨가 만든 거야",NA,"00:36:47,625","00:36:49,125"
"576","732","미친... ",NA,"00:36:53,208","00:36:55,375"
"577","732","맞잖아, 아니야?",NA,"00:36:53,208","00:36:55,375"
"578","733","씨","상화","00:36:56,000","00:36:57,041"
"579","736","네, 서 팀장님, 제가 지금 통화하기 좀 곤란한 상황이라","민 대위","00:37:08,458","00:37:11,000"
"580","737","나중에 다시 전화 ","민 대위","00:37:11,083","00:37:12,750"
"581","737","잠깐만, 잠깐만",NA,"00:37:11,083","00:37:12,750"
"582","738","민 대위! 뭐 좀 하나 물어보자",NA,"00:37:12,833","00:37:14,916"
"583","739","네?","민 대위","00:37:15,000","00:37:16,041"
"584","740","내가 지금 대전 들어가는 KTX 타 있거든?",NA,"00:37:17,208","00:37:18,791"
"585","741","KTX요?","민 대위","00:37:18,875","00:37:20,125"
"586","742","저 팀장님, 그럼 혹시 그 열차 타고 계신 거예요?",NA,"00:37:20,666","00:37:23,125"
"587","743","어, 알고 있구나?",NA,"00:37:23,208","00:37:24,458"
"588","744","저기, 대전에 군인들 배치됐다는 거 사실이야?",NA,"00:37:25,583","00:37:28,708"
"589","745","네, 뭐, 맞아요","민 대위","00:37:29,750","00:37:31,000"
"590","746","아, 그래?","석우","00:37:32,041","00:37:33,291"
"591","747","그쪽은 안전한 모양이네",NA,"00:37:34,333","00:37:35,666"
"592","748","아, 저기, 그게","민 대위","00:37:37,916","00:37:39,916"
"593","749","민 대위",NA,"00:37:41,791","00:37:42,833"
"594","750","그쪽 안전한 거 맞지?",NA,"00:37:43,541","00:37:44,833"
"595","751","서 팀장님, 대전 오시면은 아마도 일단은 격리되실 겁니다","민 대위","00:37:45,666","00:37:49,250"
"596","752","죄송해요 ","민 대위","00:37:49,833","00:37:51,375"
"597","752","뭐?",NA,"00:37:49,833","00:37:51,375"
"598","754","민 대위, 나 지금 우리 딸이랑 같이 있다",NA,"00:37:54,541","00:37:57,291"
"599","755","그럼 나랑 우리 딸만이라도 따로 좀 부탁하자, 응?",NA,"00:37:58,875","00:38:02,125"
"600","756","저기 팀장님","민 대위","00:38:02,541","00:38:04,541"
"601","757","그게 ","민 대위","00:38:04,666","00:38:05,666"
"602","757","민 대위, 내가",NA,"00:38:04,666","00:38:05,666"
"603","758","다음에 확실한 건 하나 추천해줄게 어? 민 대위!",NA,"00:38:05,750","00:38:08,333"
"604","760","그러면은 메인 광장으로 나가지 말고요","민 대위","00:38:10,625","00:38:13,041"
"605","761","동광장 쪽으로 나오세요 네?",NA,"00:38:13,125","00:38:14,708"
"606","762","그쪽 애들한테는 제가 따로 얘기해놓을게요",NA,"00:38:14,791","00:38:16,333"
"607","763","그래 민 대위, 고맙다",NA,"00:38:16,416","00:38:18,958"
"608","764","고마워!",NA,"00:38:19,041","00:38:20,125"
"609","767","다 죽었어",NA,"00:38:27,916","00:38:28,916"
"610","768","다 죽어",NA,"00:38:33,708","00:38:34,958"
"611","771","어떻게 된 거야? ","남자1","00:38:45,541","00:38:47,333"
"612","771","아무도 없는 거야?","여자","00:38:45,541","00:38:47,333"
"613","772","대체 여기 왜 이래? ","여자","00:38:47,416","00:38:49,708"
"614","772","대전 맞아?","남자2","00:38:47,416","00:38:49,708"
"615","773","이게 진짜? ","남자3","00:38:53,416","00:38:55,416"
"616","773","아무도 없지?","남자4","00:38:53,416","00:38:55,416"
"617","774","어떻게 된 거야? ","남자4","00:38:55,500","00:38:58,250"
"618","774","아무도 없는데요","남자5","00:38:55,500","00:38:58,250"
"619","775","왜 아무도 없어?",NA,"00:38:59,000","00:39:00,333"
"620","777","잠깐만요 ","용석","00:39:18,041","00:39:19,333"
"621","777","어어","남자","00:39:18,041","00:39:19,333"
"622","778","뭐야?","여자","00:39:20,333","00:39:21,458"
"623","781","뭐 지금 어떻게 돼 가고 있는 거예요?",NA,"00:40:09,791","00:40:11,458"
"624","783","네, 이게 바로 그 폭력 사태입니다","기철","00:40:14,625","00:40:16,458"
"625","784","제가 아까 저기 무전 드렸던...",NA,"00:40:16,541","00:40:18,291"
"626","785","기장!","용석","00:40:18,375","00:40:19,375"
"627","786","당신 기장 맞지? ",NA,"00:40:19,458","00:40:21,875"
"628","786","예, 예",NA,"00:40:19,458","00:40:21,875"
"629","787","기관차에 몇 명 탈 수 있어? ",NA,"00:40:21,958","00:40:23,708"
"630","787","예?","기장","00:40:21,958","00:40:23,708"
"631","788","우리 이거 떼어버리고 부산까지 기관차만 갑시다",NA,"00:40:23,791","00:40:25,791"
"632","789","이걸 떼자고요? ",NA,"00:40:25,875","00:40:27,125"
"633","789","예예!","용석","00:40:25,875","00:40:27,125"
"634","790","아이, 안 돼요!",NA,"00:40:27,208","00:40:28,208"
"635","791","왜 안 돼! ","용석","00:40:28,291","00:40:29,375"
"636","791","아이, 여기, 여기, 여기",NA,"00:40:28,291","00:40:29,375"
"637","792","여기선 할 수가 없어요",NA,"00:40:29,458","00:40:30,375"
"638","793","됐어, 그럼",NA,"00:40:30,500","00:40:32,458"
"639","794","지금 군대 어디 있어요? 군대, 응?",NA,"00:40:32,541","00:40:34,291"
"640","795","아, 군대!",NA,"00:40:34,375","00:40:35,583"
"641","796","아, 나도 그냥 보고만 받은 거라 가지고 잘...",NA,"00:40:35,666","00:40:37,708"
"642","797","가만있어 봐 내가 지금 명함을...",NA,"00:40:37,791","00:40:40,333"
"643","798","내가 천리마 고속 상무로 있는 사람인데",NA,"00:40:40,416","00:40:43,458"
"644","799","지금 대전으로 들어오는 도로가 다 막혀 있어요",NA,"00:40:43,541","00:40:45,500"
"645","800","우리 회사 버스들도 다 빠꾸하고 있다고",NA,"00:40:45,583","00:40:47,375"
"646","801","아니, 도로가 막히다뇨?",NA,"00:40:47,458","00:40:48,500"
"647","802","대전이 시를 봉쇄하고 있다고!",NA,"00:40:48,583","00:40:51,208"
"648","803","아마 우리도 못 들어가게 막을 거예요","용석","00:40:51,333","00:40:53,291"
"649","804","아직까지 남해안은 열려 있다니까",NA,"00:40:53,500","00:40:55,708"
"650","805","우리 그냥 이것들 달고 부산으로 갑시다",NA,"00:40:55,791","00:40:57,708"
"651","806","빨리! ","용석","00:40:57,791","00:40:58,791"
"652","806","아니, 아니, 아니, 그게",NA,"00:40:57,791","00:40:58,791"
"653","807","그, 그게 진짜라면 저",NA,"00:40:58,875","00:41:00,333"
"654","808","아, 사람들을 데리고 가야죠!",NA,"00:41:00,416","00:41:02,250"
"655","809","누구를 데리고 가? ",NA,"00:41:02,333","00:41:03,833"
"656","809","아니, 아이, 이","기장","00:41:02,333","00:41:03,833"
"657","810","일단 나가봅시다","기장","00:41:03,916","00:41:05,083"
"658","811","이봐!",NA,"00:41:05,583","00:41:06,625"
"659","813","아이씨!",NA,"00:41:09,583","00:41:10,875"
"660","815","그만 신경 쓰고 가자",NA,"00:41:53,583","00:41:54,916"
"661","816","뭐 해, 빨리 와 ","석우","00:42:01,250","00:42:03,208"
"662","816","어디 가요?",NA,"00:42:01,250","00:42:03,208"
"663","817","아, 우리 이쪽으로 갈 거야",NA,"00:42:04,708","00:42:05,875"
"664","818","우리만요?",NA,"00:42:05,958","00:42:07,166"
"665","819","어, 빨리 와, 가자",NA,"00:42:07,750","00:42:09,083"
"666","821","뭡니까?",NA,"00:42:15,333","00:42:16,291"
"667","822","어, 나도 그쪽으로 가려고",NA,"00:42:17,833","00:42:19,916"
"668","823","저쪽으로 가야 메인 광장이에요 그냥 사람들 따라가시면 돼요",NA,"00:42:20,625","00:42:23,666"
"669","824","그쪽이랑 같이 가려고",NA,"00:42:23,750","00:42:24,958"
"670","825","아까 통화하는 거 다 들었어",NA,"00:42:26,166","00:42:28,083"
"671","826","그쪽이랑 쟤만 따로 빼준다고, 씨",NA,"00:42:28,541","00:42:30,666"
"672","827","나머지 사람들은 전부 격리된다며",NA,"00:42:32,666","00:42:34,875"
"673","828","씨","노숙자","00:42:34,958","00:42:36,125"
"674","829","아, 아니야 수안아, 그냥",NA,"00:42:36,666","00:42:38,208"
"675","830","상태만 지켜보... ","석우","00:42:38,291","00:42:40,000"
"676","830","사람들한테 말해줄래요",NA,"00:42:38,291","00:42:40,000"
"677","831","수안아",NA,"00:42:40,083","00:42:41,125"
"678","832","수안아, 말 안 해줘도 돼",NA,"00:42:41,291","00:42:42,458"
"679","833","말해줘야죠!",NA,"00:42:42,541","00:42:43,833"
"680","834","신경 쓰지 마! 그냥 각자 알아서 하는 거야!",NA,"00:42:43,916","00:42:46,083"
"681","835","아빠는",NA,"00:42:47,833","00:42:49,041"
"682","836","자기밖에 몰라",NA,"00:42:49,833","00:42:51,458"
"683","837","그러니까",NA,"00:42:53,458","00:42:55,416"
"684","838","엄마도 떠난 거잖아요",NA,"00:42:55,500","00:42:57,500"
"685","840","수, 수안아","석우","00:43:16,708","00:43:17,750"
"686","842","어! 어어!",NA,"00:43:19,958","00:43:21,750"
"687","843","여기요! 어어, 여기예요!",NA,"00:43:21,833","00:43:24,166"
"688","844","어이! 여기, 사람 살려!","노숙자","00:43:24,333","00:43:26,125"
"689","845","수안아, 너 여기 꼼짝 말고 잠깐 있어",NA,"00:43:26,250","00:43:28,708"
"690","846","사람 살려!","노숙자","00:43:28,791","00:43:29,833"
"691","851","아이씨, 뭐야",NA,"00:43:48,500","00:43:49,458"
"692","852","잡아, 잡아 ",NA,"00:43:49,541","00:43:51,666"
"693","852","어, 아!","성경","00:43:49,541","00:43:51,666"
"694","853","어, 잡아, 잡아",NA,"00:43:51,750","00:43:53,000"
"695","858","올라가, 올라가! 올라가!",NA,"00:44:04,875","00:44:06,541"
"696","860","빨리 가요!","여자","00:44:08,458","00:44:09,666"
"697","861","뭐야, 이거 ",NA,"00:44:09,750","00:44:11,625"
"698","861","빨리!","여자","00:44:09,750","00:44:11,625"
"699","862","내가 잡았어","인길","00:44:12,083","00:44:14,083"
"700","864","여기요, 흐, 여기!","노숙자","00:44:20,458","00:44:22,666"
"701","865","흐",NA,"00:44:22,750","00:44:23,833"
"702","866","어, 민 대위 ",NA,"00:44:24,750","00:44:26,125"
"703","866","서 팀장님","민 대위","00:44:24,750","00:44:26,125"
"704","867","나 대전에 왔거든? ",NA,"00:44:26,208","00:44:28,000"
"705","867","거기 애들 있죠?","민 대위","00:44:26,208","00:44:28,000"
"706","868","지금 우리 애들이랑 연락이 안 돼요!","민 대위","00:44:28,083","00:44:29,541"
"707","869","연락이! ","민 대위","00:44:29,625","00:44:30,625"
"708","869","뭐?",NA,"00:44:29,625","00:44:30,625"
"709","870","팀장님, 여보세요?","민 대위","00:44:30,916","00:44:32,208"
"710","871","살려주세요",NA,"00:44:32,291","00:44:33,375"
"711","873","살려주...",NA,"00:44:36,208","00:44:37,125"
"712","876","수안아!",NA,"00:44:51,750","00:44:52,958"
"713","878","이야!","상화","00:44:59,916","00:45:00,791"
"714","881","가자",NA,"00:45:06,333","00:45:07,541"
"715","882","자, 빨리빨리, 빨리","상화","00:45:08,041","00:45:09,250"
"716","885","빨리들 오세요, 빨리",NA,"00:45:14,750","00:45:16,083"
"717","886","빨리 와요, 빨리! ",NA,"00:45:16,166","00:45:17,416"
"718","886","빨리 가!","영국","00:45:16,166","00:45:17,416"
"719","887","빨리 가!","영국","00:45:17,500","00:45:18,791"
"720","889","으아",NA,"00:45:22,833","00:45:25,083"
"721","891","으아!","석우","00:45:26,208","00:45:27,333"
"722","893","빨리빨리 ","부원1","00:45:29,666","00:45:30,708"
"723","893","빨리요!","부원2","00:45:29,666","00:45:30,708"
"724","894","빨리! ","부원2","00:45:30,791","00:45:31,833"
"725","894","빨리빨리","부원1","00:45:30,791","00:45:31,833"
"726","895","막아!","상화","00:45:32,583","00:45:33,583"
"727","896","예예","부원2","00:45:33,666","00:45:34,791"
"728","903","빨리 와, 빨리, 씨!",NA,"00:45:51,958","00:45:53,083"
"729","905","야, 빨리 와!",NA,"00:45:58,125","00:45:59,416"
"730","908","빨리 와, 빨리!","상화","00:46:08,083","00:46:09,875"
"731","909","막아, 막아!","상화","00:46:11,625","00:46:12,625"
"732","914","여기요, 빨리 와, 빨리! ",NA,"00:46:46,333","00:46:47,625"
"733","914","야!","용석","00:46:46,333","00:46:47,625"
"734","915","이리로 와! ",NA,"00:46:47,708","00:46:49,500"
"735","915","이쪽, 이쪽요!",NA,"00:46:47,708","00:46:49,500"
"736","916","빨리 오세요, 빨리! ","진희","00:46:49,583","00:46:50,750"
"737","916","빨리 들어가세요","기철","00:46:49,583","00:46:50,750"
"738","917","이리로, 이리로!","진희","00:46:50,833","00:46:51,666"
"739","919","빨리빨리, 빨리! ","기철","00:46:53,041","00:46:54,291"
"740","919","여기요!","진희","00:46:53,041","00:46:54,291"
"741","920","여기, 여기! ","기철","00:46:54,375","00:46:56,125"
"742","920","이쪽요!","진희","00:46:54,375","00:46:56,125"
"743","921","빨리 들어가! ","기철","00:46:56,208","00:46:58,833"
"744","921","빨리 오세요, 빨리!","진희","00:46:56,208","00:46:58,833"
"745","922","빨리 이리로 오세요! ","기철","00:46:58,916","00:47:00,041"
"746","922","이리로 오세요!","진희","00:46:58,916","00:47:00,041"
"747","923","뭐 해! 빨리 출발시키지 않고!",NA,"00:47:00,125","00:47:02,333"
"748","924","아직 저쪽에 사람 더 있어요!","기철","00:47:02,791","00:47:04,625"
"749","925","빨리 오세요, 빨리! ","진희","00:47:04,708","00:47:06,041"
"750","925","여기요!","기철","00:47:04,708","00:47:06,041"
"751","926","이쪽요, 이쪽!","진희","00:47:06,125","00:47:07,291"
"752","927","얼른 오세요, 이쪽! ","진희","00:47:07,375","00:47:08,416"
"753","927","여기, 여기요!","기철","00:47:07,375","00:47:08,416"
"754","928","빨리 와요, 빨리! ","기철","00:47:08,500","00:47:11,083"
"755","928","빨리요!","진희","00:47:08,500","00:47:11,083"
"756","929","여기, 여기! ","기철","00:47:11,166","00:47:12,333"
"757","929","이쪽요, 이쪽!","진희","00:47:11,166","00:47:12,333"
"758","935","할머니!","수안","00:47:25,958","00:47:27,000"
"759","936","할머니, 일어나세요","수안","00:47:27,625","00:47:29,291"
"760","937","할머니!","수안","00:47:29,875","00:47:31,125"
"761","938","언니!",NA,"00:47:31,500","00:47:32,625"
"762","941","안 돼! 안 돼! ","진희","00:47:38,458","00:47:39,875"
"763","941","그러면 안 돼","기철","00:47:38,458","00:47:39,875"
"764","942","일어나, 얼른! ","기철","00:47:40,166","00:47:41,541"
"765","942","우리 언니!","종길","00:47:40,166","00:47:41,541"
"766","943","아, 빨리 와요! ","기철","00:47:41,625","00:47:42,958"
"767","943","언니!","종길","00:47:41,625","00:47:42,958"
"768","944","에이씨","기철","00:47:43,041","00:47:44,958"
"769","947","빨리요! ","진희","00:47:49,041","00:47:50,541"
"770","947","올라가!","기철","00:47:49,041","00:47:50,541"
"771","948","올라가요!","기철","00:47:50,625","00:47:51,791"
"772","949","이씨!",NA,"00:47:52,875","00:47:54,166"
"773","955","나도요!",NA,"00:48:11,666","00:48:12,666"
"774","956","나도! 나도!",NA,"00:48:13,208","00:48:15,041"
"775","957","나도!","노숙자","00:48:15,125","00:48:17,000"
"776","962","언제까지 기다릴 거야? 출발 안 할 거야?",NA,"00:48:34,916","00:48:37,375"
"777","963","안 돼요! 내 친구들 아직 안 왔어요!",NA,"00:48:37,458","00:48:39,000"
"778","964","야!",NA,"00:48:39,083","00:48:40,125"
"779","965","여기 있는 사람들은 살아야 될 거 아니야!",NA,"00:48:40,708","00:48:42,958"
"780","966","안 그래?",NA,"00:48:43,166","00:48:44,375"
"781","967","어?",NA,"00:48:45,291","00:48:46,208"
"782","970","기장님",NA,"00:48:51,083","00:48:52,625"
"783","971","출발, 출발해주세요",NA,"00:48:53,166","00:48:55,416"
"784","978","야, 뛰어, 뛰어! 뛰어, 뛰어!",NA,"00:49:15,250","00:49:17,625"
"785","981","야, 아이씨","상화","00:49:28,625","00:49:30,708"
"786","983","야! 기차, 기차! 빨리 뛰어, 빨리!","상화","00:49:33,583","00:49:35,625"
"787","991","어! ",NA,"00:49:54,791","00:49:56,708"
"788","991","정신 차려, 이 새끼야!",NA,"00:49:54,791","00:49:56,708"
"789","997","야, 비켜!",NA,"00:50:26,333","00:50:27,416"
"790","1004","관제실, 101 열차","기장","00:50:48,833","00:50:50,625"
"791","1005","대전역 돌발 사태로 정차하지 못했습니다",NA,"00:50:50,958","00:50:53,333"
"792","1006","다른 역에 구조대 배치 가능한지 확인 바랍니다, 이상",NA,"00:50:53,416","00:50:56,500"
"793","1007","101 열차, 현재 교신 불안정으로 인해",NA,"00:50:57,083","00:50:59,708"
"794","1008","각 역 상황 파악이 불가능하다, 이상",NA,"00:50:59,791","00:51:01,791"
"795","1009","관제실, 101 열차",NA,"00:51:02,250","00:51:03,916"
"796","1010","부산역까지 직행 가능한지 확인 바랍니다, 이상",NA,"00:51:04,416","00:51:06,916"
"797","1012","101 열차, 부산까지 선로를 열어놓겠습니다",NA,"00:51:10,041","00:51:13,166"
"798","1013","관제실, 이상",NA,"00:51:13,250","00:51:14,250"
"799","1014","부산역과 연락되는 대로 알려주시기 바랍니다",NA,"00:51:15,875","00:51:18,333"
"800","1015","101 열차, 이상",NA,"00:51:19,458","00:51:20,500"
"801","1020","막아, 막아!",NA,"00:52:18,750","00:52:20,458"
"802","1024","탑승하신 승객 여러분께 알려드립니다",NA,"00:52:36,208","00:52:38,458"
"803","1025","우리 열차는 승객들의 안전을 위해",NA,"00:52:38,958","00:52:41,333"
"804","1026","중간 역에 정차하지 않고 바로 부산",NA,"00:52:41,666","00:52:44,333"
"805","1027","부산역으로 향할 예정입니다",NA,"00:52:44,416","00:52:46,250"
"806","1029","이봐요, 기장 기장, 내 말 들려요?",NA,"00:52:47,833","00:52:50,041"
"807","1030","예, 말씀하세요","기장","00:52:50,541","00:52:51,791"
"808","1031","부산역하고 통화됐습니까?",NA,"00:52:52,333","00:52:54,000"
"809","1032","아니요, 현재 교신이 좀 불안정해서요","기장","00:52:54,083","00:52:57,041"
"810","1033","이봐, 무조건 전속력으로 달려!",NA,"00:52:57,583","00:53:00,208"
"811","1034","늦으면은 부산에도 못 들어가, 알았어?",NA,"00:53:00,791","00:53:03,000"
"812","1037","야, 민영국, 너 어디야?",NA,"00:53:10,750","00:53:12,166"
"813","1038","아이씨",NA,"00:53:13,083","00:53:14,958"
"814","1039","난 너 죽은 줄 알았잖아",NA,"00:53:15,166","00:53:18,291"
"815","1040","미안해",NA,"00:53:18,375","00:53:19,583"
"816","1041","나 빼고 다 못 탔어",NA,"00:53:21,500","00:53:23,625"
"817","1042","미안해",NA,"00:53:23,708","00:53:25,958"
"818","1046","연결이 되지 않아...",NA,"00:53:36,125","00:53:37,416"
"819","1047","어, 자기야! ","상화","00:53:37,500","00:53:40,833"
"820","1047","아저씨!","수안","00:53:37,500","00:53:40,833"
"821","1048","야, 뭐야, 왜 왜 네가 받아? 너 어디야?",NA,"00:53:40,916","00:53:43,458"
"822","1049","기차, 기차 화장실요!","수안","00:53:43,541","00:53:45,708"
"823","1050","화장실? 어느, 어느 화장실? 저, 몇 호 칸?",NA,"00:53:45,791","00:53:48,416"
"824","1051","그, 그러니까, 여기가","수안","00:53:48,791","00:53:51,291"
"825","1052","13호 칸! 이 새끼야, 빨리 와!","성경","00:53:51,458","00:53:53,875"
"826","1053","성경아!",NA,"00:53:54,000","00:53:55,000"
"827","1054","13호",NA,"00:53:56,791","00:53:57,833"
"828","1055","우, 우리 수안이에요? 괜찮대?",NA,"00:53:57,916","00:54:00,625"
"829","1056","13호 화장실에 있대",NA,"00:54:01,166","00:54:02,666"
"830","1058","건너가려고?",NA,"00:54:18,083","00:54:19,000"
"831","1059","아니, 어떻게 뚫고 지나가서 구했다 쳐",NA,"00:54:21,416","00:54:23,458"
"832","1060","너 그다음에 다시 어떻게 올 건데?",NA,"00:54:23,541","00:54:25,375"
"833","1061","15호 칸에","영국","00:54:29,791","00:54:31,250"
"834","1062","사람들이 모여 있대요",NA,"00:54:32,625","00:54:34,250"
"835","1064","자, 4칸만 가면 돼",NA,"00:54:59,666","00:55:01,750"
"836","1065","내가 선두","상화","00:55:03,500","00:55:04,625"
"837","1066","가운데 너",NA,"00:55:06,291","00:55:07,916"
"838","1067","그 뒤에 너",NA,"00:55:09,000","00:55:10,041"
"839","1068","네가 뒤에서 달려드는 놈들 있으면 막아","석우","00:55:13,458","00:55:15,375"
"840","1071","근데 너 펀드 매니저라며?",NA,"00:55:27,625","00:55:29,625"
"841","1072","그럼 잘 알겠네","상화","00:55:32,791","00:55:34,083"
"842","1073","쓸모없어지면 그냥 버리고 가는 거",NA,"00:55:35,375","00:55:37,333"
"843","1074","터널 끝나면 들어간다","상화","00:55:44,500","00:55:46,000"
"844","1077","간다",NA,"00:56:01,166","00:56:02,208"
"845","1093","에이씨!","상화","00:56:55,666","00:56:56,791"
"846","1097","빨리 와! 빨리! ",NA,"00:57:13,833","00:57:15,083"
"847","1097","빨리 와! 빨리 와!","상화","00:57:13,833","00:57:15,083"
"848","1098","야, 빨리 와!","상화","00:57:17,125","00:57:18,375"
"849","1102","우씨!","영국","00:57:26,916","00:57:28,208"
"850","1105","나와!",NA,"00:57:35,083","00:57:36,208"
"851","1120","야, 뛰어!","상화","00:59:10,833","00:59:11,750"
"852","1123","비켜봐","상화","00:59:19,458","00:59:20,958"
"853","1124","야, 쟤들",NA,"00:59:24,500","00:59:26,083"
"854","1125","터널 들어가니까 멈춘 거 맞지?",NA,"00:59:26,500","00:59:29,000"
"855","1126","어두워지니까 그런 것 같은데?",NA,"00:59:29,083","00:59:30,625"
"856","1127","예, 그런 것 같긴 한데",NA,"00:59:30,708","00:59:32,625"
"857","1128","하, 여긴 더 많네 이런, 씨",NA,"00:59:35,375","00:59:37,000"
"858","1129","이제 어떡하죠?",NA,"00:59:38,666","00:59:39,666"
"859","1130","어떡하긴 뭘 어떡해",NA,"00:59:41,375","00:59:42,541"
"860","1131","들어간다",NA,"00:59:43,458","00:59:44,625"
"861","1132","왜? ","상화","00:59:48,500","00:59:50,041"
"862","1132","핸드폰 좀 줘봐요",NA,"00:59:48,500","00:59:50,041"
"863","1137","♪ 오 필승 코리아 ♪",NA,"01:00:41,333","01:00:47,750"
"864","1138","♪ 오 필승 코리아, 어이! ♪",NA,"01:00:48,291","01:00:51,833"
"865","1139","♪ 오, 오레, 오레 어이, 어이, 어이 ♪",NA,"01:00:51,916","01:00:55,583"
"866","1140","♪ 오 필승 코리아 ♪",NA,"01:00:55,666","01:00:58,416"
"867","1147","괜찮아?",NA,"01:01:23,166","01:01:24,125"
"868","1151","야, 좀 치워, 좀","상화","01:01:54,958","01:01:56,583"
"869","1153","야, 싸가지",NA,"01:01:59,166","01:02:00,333"
"870","1154","야, 내 덕분에 네 딸내미 다시 만난 기분이 어때?",NA,"01:02:01,333","01:02:04,541"
"871","1155","어? 말해봐 뭐 감사해? 뭐 어떻게 돼?",NA,"01:02:04,958","01:02:07,458"
"872","1156","유치하게 벨 소리가 그게 뭡니까?",NA,"01:02:07,958","01:02:10,208"
"873","1157","벨 소리 그게 뭐가 어, 어때서?",NA,"01:02:11,375","01:02:13,250"
"874","1158","그 벨, 그 벨 소리 어떻게 바꾸는 거냐?",NA,"01:02:15,083","01:02:17,041"
"875","1159","우, 웃어?",NA,"01:02:17,125","01:02:19,583"
"876","1160","웃어? 이 쥐방울만 한 놈이 쪼끄만 게 이게",NA,"01:02:20,375","01:02:22,458"
"877","1162","너 키 몇이야?",NA,"01:02:23,708","01:02:24,875"
"878","1163","181요",NA,"01:02:24,958","01:02:26,083"
"879","1164","거리가 10킬로 ",NA,"01:02:27,083","01:02:28,541"
"880","1164","아, 새끼 진짜",NA,"01:02:27,083","01:02:28,541"
"881","1165","300킬로로 계속 가면... ",NA,"01:02:28,625","01:02:30,083"
"882","1165","알았어",NA,"01:02:28,625","01:02:30,083"
"883","1166","뭐라고?",NA,"01:02:30,166","01:02:31,208"
"884","1167","2분, 2분 정도 벌 수 있는 터널이 있어요",NA,"01:02:34,291","01:02:37,458"
"885","1168","갈 수 있겠지? ",NA,"01:02:37,541","01:02:40,583"
"886","1168","가야지, 가야지",NA,"01:02:37,541","01:02:40,583"
"887","1169","만약에 이 터널을 놓치면",NA,"01:02:41,166","01:02:42,708"
"888","1170","3킬로 뒤에","석우","01:02:43,375","01:02:44,625"
"889","1171","대략 6킬로 ","석우","01:02:44,708","01:02:46,083"
"890","1171","야",NA,"01:02:44,708","01:02:46,083"
"891","1172","너 네 딸이랑 많이 못 놀아주지, 바빠서?",NA,"01:02:46,958","01:02:49,375"
"892","1173","네 딸이 좀 더 크면",NA,"01:02:51,291","01:02:53,000"
"893","1174","네가 왜 그렇게 기를 쓰고 사는지 알게 되지 않겠냐",NA,"01:02:54,416","01:02:57,333"
"894","1175","아빠들은 원래 맨날 욕먹고 인정 못 받고 그래도",NA,"01:02:59,500","01:03:02,666"
"895","1176","뭐 희생하고 사는 거지, 뭐 안 그래?",NA,"01:03:03,541","01:03:05,791"
"896","1177","뭐야, 그 눈빛은?",NA,"01:03:09,458","01:03:10,833"
"897","1178","말이 좀 멋있냐?",NA,"01:03:10,916","01:03:12,250"
"898","1179","응?","상화","01:03:12,875","01:03:14,458"
"899","1181","제 친구가 이리로 온대요!",NA,"01:03:24,416","01:03:25,916"
"900","1182","네? 뭐, 뭐, 뭐라고요?",NA,"01:03:26,000","01:03:28,458"
"901","1183","제 친구가 저쪽 칸에 있었는데 이리로 넘어온대요",NA,"01:03:28,541","01:03:31,666"
"902","1184","누가 온다고? ","용석","01:03:31,875","01:03:33,958"
"903","1184","제 친구요!","진희","01:03:31,875","01:03:33,958"
"904","1185","원래 9호 칸에 있었는데",NA,"01:03:34,041","01:03:35,833"
"905","1186","사람들 구해 가지고 이리로 넘어온대요!",NA,"01:03:35,916","01:03:37,750"
"906","1187","구해?",NA,"01:03:37,833","01:03:39,250"
"907","1188","저쪽에서 이쪽으로 사람들을 구해서",NA,"01:03:40,875","01:03:43,083"
"908","1189","저 괴물들을 뚫고?",NA,"01:03:44,000","01:03:45,416"
"909","1190","상처 하나 없이?",NA,"01:03:46,541","01:03:47,708"
"910","1191","감염 안 된 거 확실해?",NA,"01:03:49,416","01:03:50,833"
"911","1192","감염 안 된 거 확실하냐고!",NA,"01:03:52,291","01:03:55,166"
"912","1193","그게 무슨 말씀이세요?",NA,"01:03:56,500","01:03:58,291"
"913","1194","야, 야, 여기 여기 사람들 봐",NA,"01:03:58,375","01:04:01,583"
"914","1195","지금 이 상황에서 이 사람들",NA,"01:04:01,666","01:04:04,750"
"915","1196","가족들 생사 확인도 안 되는 사람들이 한둘이 아니야",NA,"01:04:04,833","01:04:08,125"
"916","1197","근데 네 친구인지 뭔지!",NA,"01:04:08,791","01:04:10,916"
"917","1198","감염됐는지 안 됐는지도 모르는데!",NA,"01:04:11,416","01:04:13,708"
"918","1199","여기로 들여보내자고?",NA,"01:04:14,000","01:04:15,625"
"919","1200","응?",NA,"01:04:16,041","01:04:16,958"
"920","1202","참, 기가 막혀서","용석","01:04:21,166","01:04:25,458"
"921","1203","아저씨",NA,"01:04:32,500","01:04:33,833"
"922","1204","아, 아저씨가 말 좀 해줘요",NA,"01:04:36,125","01:04:38,625"
"923","1205","이제 곧 온다는데",NA,"01:04:39,375","01:04:41,000"
"924","1206","아저씨!",NA,"01:04:42,833","01:04:44,833"
"925","1207","아저씨!",NA,"01:04:45,708","01:04:47,625"
"926","1221","나와, 빨리!",NA,"01:08:32,500","01:08:33,875"
"927","1222","셋 세면 나가는 거다",NA,"01:08:39,166","01:08:40,707"
"928","1223","하나!",NA,"01:08:42,957","01:08:44,082"
"929","1224","둘!",NA,"01:08:46,375","01:08:47,250"
"930","1227","뛰어!",NA,"01:08:53,666","01:08:56,166"
"931","1228","빨리 와!","상화","01:08:58,166","01:08:59,500"
"932","1230","진희야!","영국","01:09:04,750","01:09:05,791"
"933","1232","야, 진희야, 진희야!",NA,"01:09:08,207","01:09:09,875"
"934","1234","야, 뭐 해, 빨리 열어!",NA,"01:09:11,957","01:09:14,457"
"935","1237","진희야!","영국","01:09:24,625","01:09:25,625"
"936","1238","진희야!",NA,"01:09:26,332","01:09:27,541"
"937","1239","문 좀 열어봐, 이씨!",NA,"01:09:27,791","01:09:29,375"
"938","1240","열어! 문 열어!","석우","01:09:30,582","01:09:32,457"
"939","1242","문 열어봐!","영국","01:09:34,416","01:09:36,291"
"940","1243","진희야!","영국","01:09:36,375","01:09:37,707"
"941","1247","야, 문 열어! ","석우","01:09:47,375","01:09:49,541"
"942","1247","아이씨","영국","01:09:47,375","01:09:49,541"
"943","1248","진희야!","영국","01:09:49,666","01:09:50,666"
"944","1249","진희야!","영국","01:09:51,375","01:09:52,582"
"945","1252","야, 빨리 좀 열어봐!",NA,"01:10:02,500","01:10:04,291"
"946","1253","안 열려요",NA,"01:10:04,750","01:10:06,166"
"947","1254","안 열린다고요!",NA,"01:10:06,250","01:10:07,208"
"948","1255","그냥 부숴!",NA,"01:10:07,291","01:10:08,916"
"949","1256","비켜요","영국","01:10:09,541","01:10:10,541"
"950","1259","빨리해, 빨리!",NA,"01:10:17,333","01:10:18,791"
"951","1266","아이씨",NA,"01:10:34,500","01:10:35,583"
"952","1268","아이씨",NA,"01:10:38,541","01:10:39,791"
"953","1273","에잇 병신 새끼들, 진짜!",NA,"01:10:48,208","01:10:50,000"
"954","1276","에이씨, 빨리 와!","남자","01:11:02,291","01:11:05,083"
"955","1279","언니",NA,"01:11:16,625","01:11:17,625"
"956","1282","영국아!","진희","01:11:23,041","01:11:24,000"
"957","1284","놔, 놔! ","진희","01:11:25,916","01:11:27,750"
"958","1284","너 나와! 나와!","남자","01:11:25,916","01:11:27,750"
"959","1285","영국아!","진희","01:11:28,666","01:11:29,791"
"960","1296","오지 마!",NA,"01:12:04,375","01:12:05,750"
"961","1299","오지 마, 성경아",NA,"01:12:12,750","01:12:13,833"
"962","1300","가! 가야 돼!",NA,"01:12:14,666","01:12:16,500"
"963","1302","야, 야!",NA,"01:12:23,000","01:12:24,458"
"964","1303","너 쟤 좀 데리고 빨리 가",NA,"01:12:25,208","01:12:27,958"
"965","1304","너도 가 이 새끼야, 빨리!","상화","01:12:29,166","01:12:30,625"
"966","1305","가, 이 새끼야, 빨리!",NA,"01:12:31,916","01:12:33,583"
"967","1306","빨리 좀 가 힘 빠진다, 빨리",NA,"01:12:35,583","01:12:37,375"
"968","1307","우, 우, 우리 성경이 좀 부탁한다, 어?",NA,"01:12:40,666","01:12:45,000"
"969","1308","내가 막을게, 가!","상화","01:12:45,666","01:12:48,041"
"970","1309","빨리 가!",NA,"01:12:48,750","01:12:50,000"
"971","1312","미, 미안해",NA,"01:13:00,083","01:13:02,000"
"972","1313","그래","상화","01:13:03,208","01:13:04,375"
"973","1316","가야 돼요 빨리 가야 돼요!",NA,"01:13:12,750","01:13:14,458"
"974","1317","윤서연!","상화","01:13:16,708","01:13:18,083"
"975","1318","우리 딸 이름 서연이야",NA,"01:13:20,416","01:13:22,083"
"976","1319","알았지?",NA,"01:13:23,500","01:13:24,708"
"977","1321","안 돼, 안 돼!","석우","01:13:29,750","01:13:31,458"
"978","1322","안 돼, 안 돼!","석우","01:13:31,541","01:13:34,125"
"979","1334","이야!","석우","01:14:26,916","01:14:28,125"
"980","1337","언니!",NA,"01:14:57,833","01:15:00,500"
"981","1344","왜 그랬어, 왜!",NA,"01:15:24,666","01:15:26,083"
"982","1346","미친 새끼야",NA,"01:15:28,291","01:15:29,750"
"983","1348","다 들어올 수 있었잖아!",NA,"01:15:31,500","01:15:33,083"
"984","1349","왜!",NA,"01:15:35,625","01:15:36,708"
"985","1350","이 새끼 감염됐어!",NA,"01:15:37,916","01:15:39,541"
"986","1351","이 새끼, 이 새끼 감염됐어","용석","01:15:40,833","01:15:42,750"
"987","1352","이 새끼 감염됐다고!",NA,"01:15:42,833","01:15:44,500"
"988","1353","저, 저 눈깔 봐 저 눈깔 봐!",NA,"01:15:44,583","01:15:47,125"
"989","1354","좀 있으면 저 괴물 새끼들처럼 변하는 거야!","용석","01:15:47,333","01:15:50,083"
"990","1355","다 죽고 싶어? 어? 이 새끼들 다 쫓아내야 돼!",NA,"01:15:50,166","01:15:52,750"
"991","1357","야!",NA,"01:15:58,000","01:15:59,041"
"992","1359","지금 저쪽에서 오신 분들",NA,"01:16:04,125","01:16:06,541"
"993","1360","아무래도 저희랑 함께 있을 수 없을 것 같습니다","기철","01:16:07,833","01:16:10,250"
"994","1362","전부 저쪽 연결부로 이동해주세요",NA,"01:16:12,166","01:16:13,916"
"995","1365","빨리 가!","남자1","01:16:29,166","01:16:30,291"
"996","1366","어, 빨리 나가! ","남자2","01:16:31,208","01:16:33,583"
"997","1366","빨리 가!","여자1","01:16:31,208","01:16:33,583"
"998","1367","빨리 가!","여자2","01:16:33,708","01:16:34,541"
"999","1371","가! 빨리 가!","남자3","01:16:49,833","01:16:53,541"
"1000","1372","나가요, 나가! ","남자4","01:16:53,625","01:16:55,083"
"1001","1372","나가세요!","남자5","01:16:53,625","01:16:55,083"
"1002","1373","빨리 가! ","남자3","01:16:55,166","01:16:57,083"
"1003","1373","빨리!","남자6","01:16:55,166","01:16:57,083"
"1004","1374","안 들리나? ","남자3","01:16:57,166","01:17:00,833"
"1005","1374","나가요!","여자3","01:16:57,166","01:17:00,833"
"1006","1376","진희야",NA,"01:17:06,958","01:17:08,000"
"1007","1377","너 여기 있는 게 더 안전할 것 같아",NA,"01:17:08,375","01:17:09,625"
"1008","1378","싫어",NA,"01:17:09,708","01:17:10,833"
"1009","1379","여기가 더 무서워",NA,"01:17:11,416","01:17:12,750"
"1010","1380","나 너랑 같이 갈래",NA,"01:17:14,208","01:17:15,375"
"1011","1381","너...",NA,"01:17:15,458","01:17:16,458"
"1012","1382","빨리 가라고!","남자4","01:17:16,666","01:17:18,333"
"1013","1383","아, 빨리 나가라니까 뭐 해요!","여자4","01:17:18,416","01:17:20,541"
"1014","1384","그래, 가자","영국","01:17:21,250","01:17:22,375"
"1015","1385","빨리 가요! ",NA,"01:17:25,041","01:17:26,250"
"1016","1385","안 가나?","남자3","01:17:25,041","01:17:26,250"
"1017","1386","나머지 빨리 가!",NA,"01:17:26,333","01:17:27,583"
"1018","1387","나가, 빨리!","남자5","01:17:28,041","01:17:29,416"
"1019","1388","안 가나, 퍼뜩 가라고!","남자3","01:17:29,500","01:17:31,583"
"1020","1391","가자",NA,"01:17:49,583","01:17:50,833"
"1021","1393","그만 가!",NA,"01:18:16,416","01:18:17,666"
"1022","1394","아, 빨리 묶어요! ","남자1","01:18:26,916","01:18:29,291"
"1023","1394","그쪽 묶어요, 빨리","남자2","01:18:26,916","01:18:29,291"
"1024","1396","넥타이, 넥타이! ",NA,"01:18:30,500","01:18:32,875"
"1025","1396","조용히 좀 해요","남자3","01:18:30,500","01:18:32,875"
"1026","1397","네가 해, 네가 해!",NA,"01:18:32,958","01:18:34,375"
"1027","1400","등신같이",NA,"01:18:49,833","01:18:51,083"
"1028","1401","꼴좋다",NA,"01:18:52,083","01:18:53,166"
"1029","1402","저 살 궁리는 안 하고",NA,"01:18:54,583","01:18:56,041"
"1030","1403","허구한 날 다 퍼주기만 하더니",NA,"01:18:56,666","01:18:58,583"
"1031","1405","그러게 왜 그렇게 힘들게 살았어?","종길","01:19:02,958","01:19:04,958"
"1032","1406","이렇게 갈 거면서 왜 그렇게...",NA,"01:19:06,541","01:19:08,916"
"1033","1407","등신같이",NA,"01:19:10,000","01:19:11,583"
"1034","1410","조용히 해, 조용히!",NA,"01:19:18,875","01:19:20,291"
"1035","1411","앉아요, 앉아",NA,"01:19:21,458","01:19:23,083"
"1036","1412","놀고 있네, 씨",NA,"01:19:23,875","01:19:26,208"
"1037","1414","빨리 마무리하고 저쪽도 묶어!",NA,"01:19:31,083","01:19:33,416"
"1038","1416","참",NA,"01:19:44,333","01:19:45,416"
"1039","1417","고생 많았다, 언니",NA,"01:19:46,375","01:19:48,083"
"1040","1419","저 노, 저 노... 야, 저 노인네 막아!",NA,"01:19:49,916","01:19:52,375"
"1041","1424","관제실, 101 열차 현재 부산 방면 순항 중","기장","01:20:46,458","01:20:48,833"
"1042","1425","부산역 상황 확인 바랍니다, 이상",NA,"01:20:49,166","01:20:50,666"
"1043","1427","관제실?",NA,"01:20:52,708","01:20:53,833"
"1044","1428","관제실!",NA,"01:20:54,291","01:20:55,333"
"1045","1429","씨",NA,"01:20:56,333","01:20:57,208"
"1046","1435","우리 수안이 오늘 생일인데",NA,"01:22:21,916","01:22:23,666"
"1047","1436","걱정하지 마",NA,"01:22:28,250","01:22:29,250"
"1048","1437","아빠가 엄마한테 꼭 데려다줄게",NA,"01:22:30,250","01:22:31,958"
"1049","1439","아빠는 안 무서워요?",NA,"01:22:36,166","01:22:38,291"
"1050","1440","무서워",NA,"01:22:44,208","01:22:45,208"
"1051","1441","아빠도 무서워",NA,"01:22:47,375","01:22:48,375"
"1052","1442","아깐 정말 무서웠어요",NA,"01:22:53,291","01:22:55,333"
"1053","1443","아빠를 다시는 못 보게 될 것 같아서","수안","01:22:56,166","01:22:59,000"
"1054","1444","어제 노래도 아빠한테 들려주고 싶어서",NA,"01:23:01,375","01:23:04,083"
"1055","1445","연습했던 노래예요",NA,"01:23:04,166","01:23:05,958"
"1056","1447","그래서 못 불렀어요",NA,"01:23:10,583","01:23:12,250"
"1057","1448","아빠가 안 보여서","수안","01:23:15,000","01:23:16,750"
"1058","1449","계속 같이 있어줄 거죠?",NA,"01:23:24,333","01:23:26,583"
"1059","1452","연결이 되지 않아 삐 소리 후",NA,"01:23:54,625","01:23:56,833"
"1060","1453","소리샘 퀵보이스로 연결되오며 통화료가...",NA,"01:23:56,916","01:23:59,833"
"1061","1457","어, 김 대리",NA,"01:24:15,625","01:24:16,791"
"1062","1458","부산에는 도착하셨어요?","김 대리","01:24:18,500","01:24:20,000"
"1063","1459","아, 아직",NA,"01:24:20,083","01:24:21,083"
"1064","1460","넌 어디야? 거긴 괜찮아?",NA,"01:24:21,750","01:24:23,041"
"1065","1461","부산은 초기 방어에 성공했대요",NA,"01:24:24,458","01:24:27,708"
"1066","1462","어? 확실해?",NA,"01:24:27,791","01:24:30,208"
"1067","1463","어디서 얻은 정보야? 어?",NA,"01:24:30,708","01:24:32,333"
"1068","1464","팀장님","김 대리","01:24:33,416","01:24:34,416"
"1069","1465","이거 유선 바이오에서 시작됐대요",NA,"01:24:35,208","01:24:37,375"
"1070","1466","우리가 작전 걸어서 억지로 살려낸 그 유선 바이오요!",NA,"01:24:40,041","01:24:44,083"
"1071","1468","팀장님!",NA,"01:24:47,291","01:24:49,958"
"1072","1469","이 난리가 난 거랑 우리랑 상관없는 거죠? 예?",NA,"01:24:50,375","01:24:53,250"
"1073","1470","우리 그냥 시키는 대로 하는 사람들이잖아요",NA,"01:24:54,416","01:24:57,208"
"1074","1471","이거...",NA,"01:24:57,500","01:24:58,375"
"1075","1472","이거 제 책임 아닌 거죠? 예?",NA,"01:24:58,875","01:25:01,083"
"1076","1474","김 대리, 그거",NA,"01:25:04,500","01:25:05,625"
"1077","1475","김 대리 잘못 아니다",NA,"01:25:06,708","01:25:08,083"
"1078","1477","고마워요",NA,"01:25:12,125","01:25:14,458"
"1079","1478","김 대리!",NA,"01:25:15,416","01:25:16,541"
"1080","1486","씨","기장","01:26:31,541","01:26:32,875"
"1081","1487","씨!",NA,"01:26:33,875","01:26:35,958"
"1082","1492","승객 여러분께 알려드립니다",NA,"01:27:01,416","01:27:03,166"
"1083","1493","우리 열차는 현재 전방 선로가 차단된 관계로",NA,"01:27:03,625","01:27:07,750"
"1084","1494","이곳 동대구에서 멈추게 됐습니다",NA,"01:27:07,833","01:27:10,208"
"1085","1495","이에 우리는",NA,"01:27:10,291","01:27:11,625"
"1086","1496","이곳에서 구조대를 기다리는 것과",NA,"01:27:11,708","01:27:14,041"
"1087","1497","다른 열차를 타고 부산으로 진입하는 것 중",NA,"01:27:14,125","01:27:16,791"
"1088","1498","하나를 선택해야 될 것 같습니다",NA,"01:27:16,875","01:27:19,125"
"1089","1499","저는 이 방송이 끝나는 대로 바로",NA,"01:27:19,541","01:27:21,666"
"1090","1500","차량 기지로 가서",NA,"01:27:21,916","01:27:23,375"
"1091","1501","운행 가능한 열차를",NA,"01:27:23,500","01:27:25,041"
"1092","1502","좌측 끝 선로 위에 올려놓겠습니다",NA,"01:27:25,125","01:27:27,166"
"1093","1503","뭔 소리야, 이게?",NA,"01:27:27,250","01:27:28,458"
"1094","1504","끝 선로 위에 올려놓겠습니다",NA,"01:27:28,541","01:27:30,875"
"1095","1505","부디 생존자 분들은",NA,"01:27:31,333","01:27:32,791"
"1096","1506","안전하게 이동해주시기 바랍니다",NA,"01:27:34,041","01:27:36,041"
"1097","1507","행운을 빕니다",NA,"01:27:38,000","01:27:39,208"
"1098","1515","어",NA,"01:28:34,375","01:28:35,250"
"1099","1517","구조대가 올까요?",NA,"01:28:44,958","01:28:46,750"
"1100","1518","부산은 안전할 거란 얘길 들었어요",NA,"01:28:49,458","01:28:51,541"
"1101","1519","가려면 지금 가야 돼요",NA,"01:28:54,125","01:28:55,500"
"1102","1521","자","석우","01:29:19,333","01:29:20,791"
"1103","1523","어우, 깜짝...",NA,"01:29:49,583","01:29:51,500"
"1104","1533","없어요?",NA,"01:30:40,625","01:30:41,666"
"1105","1534","응",NA,"01:30:44,916","01:30:47,291"
"1106","1535","먼저 나가",NA,"01:30:48,958","01:30:49,833"
"1107","1540","넘어갈 수 있는 곳을 찾아야 돼",NA,"01:31:14,541","01:31:16,000"
"1108","1542","하, 가자","영국","01:31:18,666","01:31:19,833"
"1109","1544","가자","석우","01:31:22,166","01:31:23,208"
"1110","1547","뭐야?",NA,"01:31:39,958","01:31:41,166"
"1111","1551","아저씨!",NA,"01:31:53,875","01:31:55,000"
"1112","1552","어",NA,"01:31:56,541","01:31:57,583"
"1113","1564","안 돼 ",NA,"01:32:32,041","01:32:34,166"
"1114","1564","어떡해",NA,"01:32:32,041","01:32:34,166"
"1115","1565","야, 어떡해! ",NA,"01:32:35,250","01:32:37,916"
"1116","1565","하지 마",NA,"01:32:35,250","01:32:37,916"
"1117","1566","가자","영국","01:32:38,916","01:32:40,208"
"1118","1567","가야 돼!",NA,"01:32:40,291","01:32:41,500"
"1119","1569","손잡아, 빨리!",NA,"01:32:49,208","01:32:50,458"
"1120","1570","아이씨","영국","01:32:52,750","01:32:53,958"
"1121","1573","어!",NA,"01:33:02,166","01:33:03,208"
"1122","1575","비켜봐 ",NA,"01:33:07,125","01:33:08,125"
"1123","1575","어","진희","01:33:07,125","01:33:08,125"
"1124","1580","진희야!",NA,"01:33:21,375","01:33:22,750"
"1125","1585","진희야!",NA,"01:33:35,833","01:33:37,458"
"1126","1586","진희야",NA,"01:33:37,541","01:33:39,166"
"1127","1590","야, 어떡해",NA,"01:33:48,666","01:33:51,208"
"1128","1592","미안해",NA,"01:33:56,916","01:33:58,708"
"1129","1596","에잇",NA,"01:34:16,041","01:34:16,916"
"1130","1597","아빠!",NA,"01:34:21,625","01:34:24,291"
"1131","1598","아빠!",NA,"01:34:24,375","01:34:26,500"
"1132","1599","아빠! 일어나 봐! 아빠!",NA,"01:34:26,583","01:34:31,000"
"1133","1600","아빠",NA,"01:34:31,541","01:34:34,000"
"1134","1601","아빠","수안","01:34:34,083","01:34:35,916"
"1135","1603","아빠!","수안","01:34:37,333","01:34:39,541"
"1136","1609","이게, 이게 어떻게 된 거야?",NA,"01:34:51,291","01:34:53,333"
"1137","1610","어?",NA,"01:34:54,083","01:34:55,083"
"1138","1612","빨리, 빨리, 빨리! 좀 빨리!",NA,"01:34:56,791","01:34:58,500"
"1139","1613","빨리!","기장","01:34:59,791","01:35:01,833"
"1140","1614","앗!","용석","01:35:01,916","01:35:02,958"
"1141","1616","에이, 진짜, 씨!","기장","01:35:06,458","01:35:07,750"
"1142","1617","빨리요, 빨리!","기장","01:35:10,333","01:35:11,416"
"1143","1618","이야!","용석","01:35:11,791","01:35:12,708"
"1144","1625","살려주...",NA,"01:35:23,333","01:35:25,791"
"1145","1638","수안아, 빨리 와",NA,"01:36:08,833","01:36:10,208"
"1146","1641","수안, 수안아!","석우","01:36:14,958","01:36:16,666"
"1147","1648","아저씨!","수안","01:36:32,458","01:36:34,291"
"1148","1654","수안아, 수안아!","석우","01:36:52,833","01:36:54,625"
"1149","1655","수안아, 빨리 와",NA,"01:36:54,708","01:36:55,750"
"1150","1656","아저씨! ",NA,"01:36:56,250","01:36:58,833"
"1151","1656","가, 가! 가!",NA,"01:36:56,250","01:36:58,833"
"1152","1657","빨리 가! ",NA,"01:36:58,916","01:37:00,208"
"1153","1657","빨리 와!","석우","01:36:58,916","01:37:00,208"
"1154","1658","빨리 가자, 빨리! ","성경","01:37:00,291","01:37:02,291"
"1155","1658","빨리 와!","석우","01:37:00,291","01:37:02,291"
"1156","1659","빨리 와!","석우","01:37:03,541","01:37:04,625"
"1157","1661","와!","석우","01:37:09,041","01:37:10,041"
"1158","1667","어, 빨리!","석우","01:37:23,083","01:37:24,916"
"1159","1677","빨리요, 빨리!","수안","01:38:48,750","01:38:50,125"
"1160","1679","아빠!",NA,"01:38:53,708","01:38:54,916"
"1161","1696","아저씨",NA,"01:41:16,375","01:41:17,708"
"1162","1697","저 무서워요",NA,"01:41:19,250","01:41:20,625"
"1163","1698","집에 좀 데려다주세요",NA,"01:41:23,875","01:41:25,666"
"1164","1699","저 집에, 저 집에...",NA,"01:41:25,750","01:41:27,750"
"1165","1700","엄마가 집에서 기다려요",NA,"01:41:28,625","01:41:30,833"
"1166","1701","저희 집 주소는",NA,"01:41:34,666","01:41:36,291"
"1167","1702","부산시 수영구 광안동","용석","01:41:37,291","01:41:40,916"
"1168","1703","저 좀 살려주세요",NA,"01:41:44,208","01:41:46,291"
"1169","1705","당신",NA,"01:41:49,875","01:41:51,166"
"1170","1706","감염됐어",NA,"01:41:52,208","01:41:53,625"
"1171","1709","아니야!",NA,"01:41:59,708","01:42:00,708"
"1172","1710","아니야!",NA,"01:42:02,458","01:42:03,500"
"1173","1711","아니야",NA,"01:42:04,333","01:42:05,416"
"1174","1712","아니야, 아니야!",NA,"01:42:06,541","01:42:08,125"
"1175","1713","아니야, 아니야",NA,"01:42:08,208","01:42:11,416"
"1176","1718","아빠!",NA,"01:42:24,000","01:42:24,958"
"1177","1731","아빠!",NA,"01:42:47,541","01:42:50,333"
"1178","1734","아빠!","수안","01:42:55,833","01:42:57,208"
"1179","1737","이야! ","성경","01:43:04,208","01:43:05,416"
"1180","1737","크억!","용석","01:43:04,208","01:43:05,416"
"1181","1740","안 돼, 안 돼!",NA,"01:43:09,708","01:43:11,375"
"1182","1741","아빠!","수안","01:43:12,250","01:43:13,916"
"1183","1743","아빠, 아빠",NA,"01:43:17,208","01:43:21,291"
"1184","1760","아빠!",NA,"01:44:30,333","01:44:31,541"
"1185","1761","아빠, 아빠!",NA,"01:44:33,041","01:44:35,375"
"1186","1762","수안아, 이리로 와","석우","01:44:36,750","01:44:38,458"
"1187","1763","여기 있어, 앉아 있어","석우","01:44:38,541","01:44:40,125"
"1188","1764","성경 씨",NA,"01:44:40,750","01:44:42,333"
"1189","1765","자, 정신 차리고 내 말 들어봐요",NA,"01:44:43,375","01:44:45,291"
"1190","1766","아무래도 이게 브레이크 같아요",NA,"01:44:45,375","01:44:48,083"
"1191","1767","안전한 데가 나오면",NA,"01:44:48,666","01:44:51,000"
"1192","1768","이걸 당기면 돼요 알았죠?",NA,"01:44:51,083","01:44:53,166"
"1193","1770","수안아",NA,"01:44:59,291","01:45:01,083"
"1194","1771","아빠 봐, 아빠 봐 수안아, 괜찮아",NA,"01:45:02,375","01:45:04,791"
"1195","1773","아빠 봐, 아빠 봐",NA,"01:45:07,750","01:45:10,833"
"1196","1774","자, 수안아",NA,"01:45:10,916","01:45:13,333"
"1197","1775","아빠 말 들어",NA,"01:45:13,416","01:45:14,958"
"1198","1776","아줌마 옆에 끝까지 꼭 붙어 있어야 돼, 알았지?",NA,"01:45:16,083","01:45:19,875"
"1199","1777","어, 어, 저",NA,"01:45:20,208","01:45:21,833"
"1200","1778","어, 부, 부산은 안전할 테니까",NA,"01:45:21,916","01:45:24,583"
"1201","1779","그러니까...",NA,"01:45:24,666","01:45:27,083"
"1202","1780","가지 마! 내가 잘못했어",NA,"01:45:27,916","01:45:30,333"
"1203","1781","아빠 가지 마, 가지 마",NA,"01:45:31,416","01:45:35,000"
"1204","1782","제발 가지 마",NA,"01:45:36,750","01:45:38,958"
"1205","1783","가지 마","수안","01:45:40,416","01:45:41,666"
"1206","1784","나랑 같이 있어",NA,"01:45:42,291","01:45:45,625"
"1207","1785","가지 마",NA,"01:45:46,500","01:45:48,166"
"1208","1786","가지 마",NA,"01:45:50,416","01:45:52,125"
"1209","1787","가지 마","수안","01:45:53,083","01:45:56,916"
"1210","1788","제발 가지 마","수안","01:45:57,166","01:45:59,416"
"1211","1790","아, 가지 마, 가지 마!",NA,"01:46:03,166","01:46:07,000"
"1212","1792","아빠!",NA,"01:46:09,000","01:46:10,750"
"1213","1793","아빠, 가지 마!","수안","01:46:10,833","01:46:13,416"
"1214","1794","아빠!",NA,"01:46:13,500","01:46:16,458"
"1215","1795","아빠!",NA,"01:46:16,541","01:46:18,875"
"1216","1796","아빠, 가지 마!",NA,"01:46:18,958","01:46:21,583"
"1217","1813","권 병장님",NA,"01:51:16,875","01:51:18,250"
"1218","1815","터널 맞은편에서 2명이 접근하고 있다",NA,"01:51:27,041","01:51:29,500"
"1219","1816","아이와 성인 여성으로 추정, 이상",NA,"01:51:29,583","01:51:32,291"
"1220","1817","감염 여부 확인하라, 이상",NA,"01:51:33,166","01:51:35,958"
"1221","1818","너희들은 어디서 나온 거냐",NA,"01:51:39,291","01:51:41,958"
"1222","1819","확인 불가능하다고 보고해",NA,"01:51:46,666","01:51:48,500"
"1223","1820","육안으로 식별이 불가능하다",NA,"01:51:51,125","01:51:52,833"
"1224","1821","결정 바란다, 이상",NA,"01:51:53,416","01:51:54,916"
"1225","1822","사살하라, 이상",NA,"01:51:56,625","01:51:58,625"
"1226","1824","♪ 검은 구름 하늘을 가리고 ♪","수안","01:52:18,958","01:52:25,208"
"1227","1825","♪ 이별의 날은 왔도다 ♪",NA,"01:52:25,958","01:52:32,666"
"1228","1826","♪ 다시 만날 날을 기대하고 ♪",NA,"01:52:33,416","01:52:39,541"
"1229","1827","♪ 서로 작별하며 떠나리 ♪",NA,"01:52:40,333","01:52:46,541"
"1230","1828","생존자 접근 중!",NA,"01:52:48,083","01:52:50,041"
"1231","1829","♪ 알로하 오에 ♪ ♪ 알로하 오에 ♪","수안","01:52:50,125","01:52:55,958"
"1232","1830","♪ 꽃피는 시절에 ♪",NA,"01:52:56,458","01:52:58,875"
"1233","1831","♪ 다시 만나리 ♪",NA,"01:52:58,958","01:53:02,916"
"1234","1832","♪ 알로하 오에 ♪",NA,"01:53:03,041","01:53:06,500"
"1235","1833","♪ 알로하 오에 ♪",NA,"01:53:06,583","01:53:10,250"
"1236","1834","♪ 다시 만날 때까지 ♪",NA,"01:53:10,333","01:53:16,041"
